0,RfRNcuQUyduPyp0TwSQKd9N1lGSitbJdMtf8A61zHE=,RfRNcuQUyduPyp0TwSQKd9N1lGSitbJdMtf8A61zHE=,RfRNcuQUyduPyp0TwSQKd9N1lGSitbJdMtf8A61zHE=
1,Pe0T5eAB7UUQ9J3xccaL6VmIMKwP41yByzBotrqBR8=,Pe0T5eAB7UUQ9J3xccaL6VmIMKwP41yByzBotrqBR8=,Pe0T5eAB7UUQ9J3xccaL6VmIMKwP41yByzBotrqBR8=
2,iDWgqB92Kr5nDJlDDsTTShGe7aYev7iNm9FQ2WaCUdY=,iDWgqB92Kr5nDJlDDsTTShGe7aYev7iNm9FQ2WaCUdY=,iDWgqB92Kr5nDJlDDsTTShGe7aYev7iNm9FQ2WaCUdY=
3,ZewSBeMqZG0nkmYG16uwQYCIseVX0modqUhv9iDXs=,ZewSBeMqZG0nkmYG16uwQYCIseVX0modqUhv9iDXs=,ZewSBeMqZG0nkmYG16uwQYCIseVX0modqUhv9iDXs=
4,HjifBhMbSoCz+o61DwboKsgeNTIaIcLCouCoF9GK0g=,HjifBhMbSoCz+o61DwboKsgeNTIaIcLCouCoF9GK0g=,HjifBhMbSoCz+o61DwboKsgeNTIaIcLCouCoF9GK0g=
5,2958596784,Tyesha Timm,TimmTyesha
6,aUDOSPgFxBf6BDEUMfQR+zIgbXBA9YpzQmY+T565Ht0=,aUDOSPgFxBf6BDEUMfQR+zIgbXBA9YpzQmY+T565Ht0=,aUDOSPgFxBf6BDEUMfQR+zIgbXBA9YpzQmY+T565Ht0=
7,BFczrdr7miMij6VH0ZbSZfCuiIMulj8mdYElSXfRz4=,BFczrdr7miMij6VH0ZbSZfCuiIMulj8mdYElSXfRz4=,BFczrdr7miMij6VH0ZbSZfCuiIMulj8mdYElSXfRz4=
8,ML2F5gDfgvARUaMiXOOfqggEOsqszaHyYy71A0o8xQ4=,ML2F5gDfgvARUaMiXOOfqggEOsqszaHyYy71A0o8xQ4=,ML2F5gDfgvARUaMiXOOfqggEOsqszaHyYy71A0o8xQ4=
9,t8IyEcygILVrolREdXOjB+YpHa08Mv0EJHihAqlxnPg=,t8IyEcygILVrolREdXOjB+YpHa08Mv0EJHihAqlxnPg=,t8IyEcygILVrolREdXOjB+YpHa08Mv0EJHihAqlxnPg=
10,h2t4DM8OO0f3SMuIJ4ZslxLP6d4GzVxSH6zUQSXXB4c=,h2t4DM8OO0f3SMuIJ4ZslxLP6d4GzVxSH6zUQSXXB4c=,h2t4DM8OO0f3SMuIJ4ZslxLP6d4GzVxSH6zUQSXXB4c=
11,2958596712,Ellsworth Dacosta,hettieviera95
12,UYO1kYl55N4vcc3dVFwNa7rQn19iNQfD9Dc+tXZAD8Y=,UYO1kYl55N4vcc3dVFwNa7rQn19iNQfD9Dc+tXZAD8Y=,UYO1kYl55N4vcc3dVFwNa7rQn19iNQfD9Dc+tXZAD8Y=
13,g59EkXAVZLBoRQjCoP6RaawLwkpDs4Zjr3FPhkzuoo=,g59EkXAVZLBoRQjCoP6RaawLwkpDs4Zjr3FPhkzuoo=,g59EkXAVZLBoRQjCoP6RaawLwkpDs4Zjr3FPhkzuoo=
14,3087748167,Hubert Griffith,HubertGriffith5
15,6lRbnlGz7Gttu4m71c6hAql7gGjlqZyqRa+h7PgK8=,6lRbnlGz7Gttu4m71c6hAql7gGjlqZyqRa+h7PgK8=,6lRbnlGz7Gttu4m71c6hAql7gGjlqZyqRa+h7PgK8=
16,gEPwDG1ouH2t3NdjSp22KdtTojR6NrCXj+c6NCEMoE=,gEPwDG1ouH2t3NdjSp22KdtTojR6NrCXj+c6NCEMoE=,gEPwDG1ouH2t3NdjSp22KdtTojR6NrCXj+c6NCEMoE=
17,2958595884,Celsa Ivy,CelsaIvy
18,yglLPWGaJmY+hB12Rg3YNn7XmQ8mBCR+4FLoeZGjtlo=,yglLPWGaJmY+hB12Rg3YNn7XmQ8mBCR+4FLoeZGjtlo=,yglLPWGaJmY+hB12Rg3YNn7XmQ8mBCR+4FLoeZGjtlo=
19,ZjOiXLnT4+7XgRe+hjCxzpsY2+fy2jxAFDgMKNxNtj8=,ZjOiXLnT4+7XgRe+hjCxzpsY2+fy2jxAFDgMKNxNtj8=,ZjOiXLnT4+7XgRe+hjCxzpsY2+fy2jxAFDgMKNxNtj8=
20,QZfNThd+SjhxUZmSnL3YD1F5f0jozxFXp81hxAUlc=,QZfNThd+SjhxUZmSnL3YD1F5f0jozxFXp81hxAUlc=,QZfNThd+SjhxUZmSnL3YD1F5f0jozxFXp81hxAUlc=
21,3324544646,Fight For 1787,FightFor1787
22,Bl6p0SpdndCzFZbjiBgWShGR6HACEftt+FaXyk5mjd0=,Bl6p0SpdndCzFZbjiBgWShGR6HACEftt+FaXyk5mjd0=,Bl6p0SpdndCzFZbjiBgWShGR6HACEftt+FaXyk5mjd0=
23,ApNpYz9o2T9TtiyM9OUGbIgBoMReLukjwqe0W1RsE=,ApNpYz9o2T9TtiyM9OUGbIgBoMReLukjwqe0W1RsE=,ApNpYz9o2T9TtiyM9OUGbIgBoMReLukjwqe0W1RsE=
24,WE5nNlgpTjzDdNyju2aFkiZntfmrbQ3bg198egPRIDE=,WE5nNlgpTjzDdNyju2aFkiZntfmrbQ3bg198egPRIDE=,WE5nNlgpTjzDdNyju2aFkiZntfmrbQ3bg198egPRIDE=
25,6WtKXVMhT3Nmp9JLL1rB92Ih3aTiPGAVleuj8E83xk=,6WtKXVMhT3Nmp9JLL1rB92Ih3aTiPGAVleuj8E83xk=,6WtKXVMhT3Nmp9JLL1rB92Ih3aTiPGAVleuj8E83xk=
26,JIFqPFop5ujzzqY6k0mITt+BQW4bYFuv+d69TBCi0Ws=,JIFqPFop5ujzzqY6k0mITt+BQW4bYFuv+d69TBCi0Ws=,JIFqPFop5ujzzqY6k0mITt+BQW4bYFuv+d69TBCi0Ws=
27,2946944803,Curt Lyman,curt_lyman
28,2980186012,Infidel II 🕋💣🕋💩,CathyTo47590555
29,2sRLcF4rrAbJmYcZudfjCXUkRQkUKcYp6JAwxXxjkOg=,2sRLcF4rrAbJmYcZudfjCXUkRQkUKcYp6JAwxXxjkOg=,2sRLcF4rrAbJmYcZudfjCXUkRQkUKcYp6JAwxXxjkOg=
30,EGqB3sxe9VK8SfpIs4g6kpU41+Y89qz9Z7kkHtXW9Y=,EGqB3sxe9VK8SfpIs4g6kpU41+Y89qz9Z7kkHtXW9Y=,EGqB3sxe9VK8SfpIs4g6kpU41+Y89qz9Z7kkHtXW9Y=
31,3073962091,Bethany Buchan,BuchanBethany
32,KYwAZ8jANLTA3d0rqRw+7Pft2pRWY4G2OwXmQWSLeY=,KYwAZ8jANLTA3d0rqRw+7Pft2pRWY4G2OwXmQWSLeY=,KYwAZ8jANLTA3d0rqRw+7Pft2pRWY4G2OwXmQWSLeY=
33,UxskYSSILo72QpIu9d59Qmsy0sDtiiFpCqo7l4HubA=,UxskYSSILo72QpIu9d59Qmsy0sDtiiFpCqo7l4HubA=,UxskYSSILo72QpIu9d59Qmsy0sDtiiFpCqo7l4HubA=
34,9KUYIOKyzdgKKNUOWTjYkUiS+KPTM7gdbWnvlelyIg=,9KUYIOKyzdgKKNUOWTjYkUiS+KPTM7gdbWnvlelyIg=,9KUYIOKyzdgKKNUOWTjYkUiS+KPTM7gdbWnvlelyIg=
35,8LAZZpVrhEP3JS+Plf2sVgyWXjaq82KbIerM9giM=,8LAZZpVrhEP3JS+Plf2sVgyWXjaq82KbIerM9giM=,8LAZZpVrhEP3JS+Plf2sVgyWXjaq82KbIerM9giM=
36,I6gtRgtS3Bg83WZH4IuatE8maxYB2DNNqC7HlM42bms=,I6gtRgtS3Bg83WZH4IuatE8maxYB2DNNqC7HlM42bms=,I6gtRgtS3Bg83WZH4IuatE8maxYB2DNNqC7HlM42bms=
37,hvu9OBd1oesSFCkorUqYbdHXE24wKkdILjIQZt2klTs=,hvu9OBd1oesSFCkorUqYbdHXE24wKkdILjIQZt2klTs=,hvu9OBd1oesSFCkorUqYbdHXE24wKkdILjIQZt2klTs=
38,xlw34XwxPNgTeGrL+Fjy6gmps6tXfSsTBxEAigSoceA=,xlw34XwxPNgTeGrL+Fjy6gmps6tXfSsTBxEAigSoceA=,xlw34XwxPNgTeGrL+Fjy6gmps6tXfSsTBxEAigSoceA=
39,vsqF3TKJYuRAOh2Ux8kMxzh50Rs76S1TA2vstDTIPs=,vsqF3TKJYuRAOh2Ux8kMxzh50Rs76S1TA2vstDTIPs=,vsqF3TKJYuRAOh2Ux8kMxzh50Rs76S1TA2vstDTIPs=
40,mxYrtPBkTQM3rphJW3MGn5m6E8HxmVXikXiLT1zKA=,mxYrtPBkTQM3rphJW3MGn5m6E8HxmVXikXiLT1zKA=,mxYrtPBkTQM3rphJW3MGn5m6E8HxmVXikXiLT1zKA=
41,qgLEwxevADpCRkr5Yq5NUWMhq4A3ZO5XwPGTL6YI5UE=,qgLEwxevADpCRkr5Yq5NUWMhq4A3ZO5XwPGTL6YI5UE=,qgLEwxevADpCRkr5Yq5NUWMhq4A3ZO5XwPGTL6YI5UE=
42,842112154081853442,The BLACK EMPIRE,TheBLACKEMPIRE2
43,exueFhb40Q47u3oT5kIfiUMcF91qUVu8G42ewVeoRE0=,exueFhb40Q47u3oT5kIfiUMcF91qUVu8G42ewVeoRE0=,exueFhb40Q47u3oT5kIfiUMcF91qUVu8G42ewVeoRE0=
44,WMwwxKyBHjJxjwEXsl7vo7svYMNOVjEofzJcisig8=,WMwwxKyBHjJxjwEXsl7vo7svYMNOVjEofzJcisig8=,WMwwxKyBHjJxjwEXsl7vo7svYMNOVjEofzJcisig8=
45,hXqgtz9qePqvA3v+NXlefAUi5YU92yJiIu7YMMbHZ4s=,hXqgtz9qePqvA3v+NXlefAUi5YU92yJiIu7YMMbHZ4s=,hXqgtz9qePqvA3v+NXlefAUi5YU92yJiIu7YMMbHZ4s=
46,BNkstYxsv5hU0dml0HQuN4nY+saSlvox0ZixVfUeE=,BNkstYxsv5hU0dml0HQuN4nY+saSlvox0ZixVfUeE=,BNkstYxsv5hU0dml0HQuN4nY+saSlvox0ZixVfUeE=
47,O7XQ4a9yAMmqyYuXkQPjqEpFaiSdsc+0J0u4yERBDl8=,O7XQ4a9yAMmqyYuXkQPjqEpFaiSdsc+0J0u4yERBDl8=,O7XQ4a9yAMmqyYuXkQPjqEpFaiSdsc+0J0u4yERBDl8=
48,yuiV8FsCp8jUOnB7+jKjfy1eO7NaKbeTIEo6FFrDLB4=,yuiV8FsCp8jUOnB7+jKjfy1eO7NaKbeTIEo6FFrDLB4=,yuiV8FsCp8jUOnB7+jKjfy1eO7NaKbeTIEo6FFrDLB4=
49,jjLaoPuw+TrbcnPno84NV4ZoqjFu7co9hgmrZblRc=,jjLaoPuw+TrbcnPno84NV4ZoqjFu7co9hgmrZblRc=,jjLaoPuw+TrbcnPno84NV4ZoqjFu7co9hgmrZblRc=
50,g2jnF9CvstFoRy0or+Ic76Aal9rDTO3adeYefrTkkag=,g2jnF9CvstFoRy0or+Ic76Aal9rDTO3adeYefrTkkag=,g2jnF9CvstFoRy0or+Ic76Aal9rDTO3adeYefrTkkag=
51,2W3vvJbMiwnoWmJ9VfKxpgrSRKytNRYM9UoL9c+qbA=,2W3vvJbMiwnoWmJ9VfKxpgrSRKytNRYM9UoL9c+qbA=,2W3vvJbMiwnoWmJ9VfKxpgrSRKytNRYM9UoL9c+qbA=
52,jYPYQt+1HShLsfSQZ4+qxZWwVvn3rbTFhTcygJ6zM=,jYPYQt+1HShLsfSQZ4+qxZWwVvn3rbTFhTcygJ6zM=,jYPYQt+1HShLsfSQZ4+qxZWwVvn3rbTFhTcygJ6zM=
53,uGVWdsm71w6UDTIBEURHQ34VTGyIeziYC5JgpmSGxc=,uGVWdsm71w6UDTIBEURHQ34VTGyIeziYC5JgpmSGxc=,uGVWdsm71w6UDTIBEURHQ34VTGyIeziYC5JgpmSGxc=
54,RwC36XORc8voSZDJwBj7DX8cx5olCW2PoWorOqwUtBk=,RwC36XORc8voSZDJwBj7DX8cx5olCW2PoWorOqwUtBk=,RwC36XORc8voSZDJwBj7DX8cx5olCW2PoWorOqwUtBk=
55,831177302482513922,Firas Samuri,FirasSamuri
56,LT5O02bvEFFcxz113yfxwGPa05i3QzsBSe34f6JnGE=,LT5O02bvEFFcxz113yfxwGPa05i3QzsBSe34f6JnGE=,LT5O02bvEFFcxz113yfxwGPa05i3QzsBSe34f6JnGE=
57,VPvs1ZY9cYJzGu9HOPW2icg0IqMUZwEv8yzzQx+e7I4=,VPvs1ZY9cYJzGu9HOPW2icg0IqMUZwEv8yzzQx+e7I4=,VPvs1ZY9cYJzGu9HOPW2icg0IqMUZwEv8yzzQx+e7I4=
58,SOTRIklV4JWuYX0xaiNLuonDtaoX8ojrkZsoHlQmNxs=,SOTRIklV4JWuYX0xaiNLuonDtaoX8ojrkZsoHlQmNxs=,SOTRIklV4JWuYX0xaiNLuonDtaoX8ojrkZsoHlQmNxs=
59,3074675989,Gina Walls,wallisgianna
60,+g7kR98frX78++su131dwspvNDg8c1i6DrnQH13bdI=,+g7kR98frX78++su131dwspvNDg8c1i6DrnQH13bdI=,+g7kR98frX78++su131dwspvNDg8c1i6DrnQH13bdI=
61,htn22A68vr5W+5d2aeR++z90pRGYaXvJNDtciPoROb4=,htn22A68vr5W+5d2aeR++z90pRGYaXvJNDtciPoROb4=,htn22A68vr5W+5d2aeR++z90pRGYaXvJNDtciPoROb4=
62,dYuBeEwAjP5dSGghSqt1K8RIdQqtSniJjKCZXjKlHSU=,dYuBeEwAjP5dSGghSqt1K8RIdQqtSniJjKCZXjKlHSU=,dYuBeEwAjP5dSGghSqt1K8RIdQqtSniJjKCZXjKlHSU=
63,DOYgMOB6XHbzNYHYoO2LP2phDCizV1iQyYK+k007jik=,DOYgMOB6XHbzNYHYoO2LP2phDCizV1iQyYK+k007jik=,DOYgMOB6XHbzNYHYoO2LP2phDCizV1iQyYK+k007jik=
64,g5SAI4hrqLX4JJsfBNQASNSjjFlhVbJTboPFVxZe2XA=,g5SAI4hrqLX4JJsfBNQASNSjjFlhVbJTboPFVxZe2XA=,g5SAI4hrqLX4JJsfBNQASNSjjFlhVbJTboPFVxZe2XA=
65,WBiwNbWQTub+UdpJrtmq6jvOMgJF1zIZ5kqqVIqOt4I=,WBiwNbWQTub+UdpJrtmq6jvOMgJF1zIZ5kqqVIqOt4I=,WBiwNbWQTub+UdpJrtmq6jvOMgJF1zIZ5kqqVIqOt4I=
66,MY75UC9s1xAxzhGWa9OvT+nNN+mQ+Wscu5HPbUXfyww=,MY75UC9s1xAxzhGWa9OvT+nNN+mQ+Wscu5HPbUXfyww=,MY75UC9s1xAxzhGWa9OvT+nNN+mQ+Wscu5HPbUXfyww=
67,S1wLS7PPJYfgmhjmmC0N8y5wGDKRNMYt+8+ga8dGQU=,S1wLS7PPJYfgmhjmmC0N8y5wGDKRNMYt+8+ga8dGQU=,S1wLS7PPJYfgmhjmmC0N8y5wGDKRNMYt+8+ga8dGQU=
68,c55kZ6ZRXlASq5mZIW53LnWKjYRIhXE9gm23kkDy0pA=,c55kZ6ZRXlASq5mZIW53LnWKjYRIhXE9gm23kkDy0pA=,c55kZ6ZRXlASq5mZIW53LnWKjYRIhXE9gm23kkDy0pA=
69,5pV0hiEhK4LdI9wFDn39o3vq7N3XHS3PcUbpDt9RFs=,5pV0hiEhK4LdI9wFDn39o3vq7N3XHS3PcUbpDt9RFs=,5pV0hiEhK4LdI9wFDn39o3vq7N3XHS3PcUbpDt9RFs=
70,YlXS0UKGY8XbAJ0iyGxX6j4d7VNvvPgIyOt0AdWU=,YlXS0UKGY8XbAJ0iyGxX6j4d7VNvvPgIyOt0AdWU=,YlXS0UKGY8XbAJ0iyGxX6j4d7VNvvPgIyOt0AdWU=
71,lph+DALEcQDhvpEuGgS+k7K7U3fT29PKDiwLz37cqAM=,lph+DALEcQDhvpEuGgS+k7K7U3fT29PKDiwLz37cqAM=,lph+DALEcQDhvpEuGgS+k7K7U3fT29PKDiwLz37cqAM=
72,cSIJxicNyNa8eYE9tRRM8QmQpwcbGH20htSp7SyLUy4=,cSIJxicNyNa8eYE9tRRM8QmQpwcbGH20htSp7SyLUy4=,cSIJxicNyNa8eYE9tRRM8QmQpwcbGH20htSp7SyLUy4=
73,pLiJ5xR88PuQCcdUIaAvLOFPEosQOC56LzI6DZXjbfI=,pLiJ5xR88PuQCcdUIaAvLOFPEosQOC56LzI6DZXjbfI=,pLiJ5xR88PuQCcdUIaAvLOFPEosQOC56LzI6DZXjbfI=
74,jHg143rnlEAFaEedvRVwXf5R3tmaYu2rlWImzwdPKNA=,jHg143rnlEAFaEedvRVwXf5R3tmaYu2rlWImzwdPKNA=,jHg143rnlEAFaEedvRVwXf5R3tmaYu2rlWImzwdPKNA=
75,tNt42WwC2vBnO7RROgisAgh1W9WXT5LjVvbg3rr+u9I=,tNt42WwC2vBnO7RROgisAgh1W9WXT5LjVvbg3rr+u9I=,tNt42WwC2vBnO7RROgisAgh1W9WXT5LjVvbg3rr+u9I=
76,jvChBCW2esWzS3TKCdO8+duMot0QEJ1FuQ2vTHNhvDI=,jvChBCW2esWzS3TKCdO8+duMot0QEJ1FuQ2vTHNhvDI=,jvChBCW2esWzS3TKCdO8+duMot0QEJ1FuQ2vTHNhvDI=
77,KltzFiHhxAQvN2LAwAefMisak1OBtwgjDbCvIzV2mM=,KltzFiHhxAQvN2LAwAefMisak1OBtwgjDbCvIzV2mM=,KltzFiHhxAQvN2LAwAefMisak1OBtwgjDbCvIzV2mM=
78,zni6BBv0PO12v1kyIPUT+cxsNq4eSzg+lBEjEunP9J4=,zni6BBv0PO12v1kyIPUT+cxsNq4eSzg+lBEjEunP9J4=,zni6BBv0PO12v1kyIPUT+cxsNq4eSzg+lBEjEunP9J4=
79,CRLdvJh+9jfGRV54mAieUn0JPPrkoAKkTmzQVxYLSo=,CRLdvJh+9jfGRV54mAieUn0JPPrkoAKkTmzQVxYLSo=,CRLdvJh+9jfGRV54mAieUn0JPPrkoAKkTmzQVxYLSo=
80,aX6aJW9XCuIvy9FstTfV0lVZDLMAcy7HNk2vcPcIZ5c=,aX6aJW9XCuIvy9FstTfV0lVZDLMAcy7HNk2vcPcIZ5c=,aX6aJW9XCuIvy9FstTfV0lVZDLMAcy7HNk2vcPcIZ5c=
81,7Nq2yqr77ZQviDtJ1EQPcCwgL3mXKvgZLJBH8W7c8=,7Nq2yqr77ZQviDtJ1EQPcCwgL3mXKvgZLJBH8W7c8=,7Nq2yqr77ZQviDtJ1EQPcCwgL3mXKvgZLJBH8W7c8=
82,DnNBoEfMpcUsPu+LR2YybHJC9abbjX3wU126AlZJqA=,DnNBoEfMpcUsPu+LR2YybHJC9abbjX3wU126AlZJqA=,DnNBoEfMpcUsPu+LR2YybHJC9abbjX3wU126AlZJqA=
83,uekFxcbtR5sj0qFVjOchnz2zhYuHsIPwMGc++XM6U8=,uekFxcbtR5sj0qFVjOchnz2zhYuHsIPwMGc++XM6U8=,uekFxcbtR5sj0qFVjOchnz2zhYuHsIPwMGc++XM6U8=
84,9zeFOFTrAPlPBSFZtfMRsXF0pWWGQ60BaGMPGC2Pvo=,9zeFOFTrAPlPBSFZtfMRsXF0pWWGQ60BaGMPGC2Pvo=,9zeFOFTrAPlPBSFZtfMRsXF0pWWGQ60BaGMPGC2Pvo=
85,ffnm5GNtpwCFLCdB1Zc92Ajtj90aS8cTzSciSZiQ+aE=,ffnm5GNtpwCFLCdB1Zc92Ajtj90aS8cTzSciSZiQ+aE=,ffnm5GNtpwCFLCdB1Zc92Ajtj90aS8cTzSciSZiQ+aE=
86,1stZe0soP1WDfKZETbi5gw7uz6l6y9sytLkVH5NWxQ0=,1stZe0soP1WDfKZETbi5gw7uz6l6y9sytLkVH5NWxQ0=,1stZe0soP1WDfKZETbi5gw7uz6l6y9sytLkVH5NWxQ0=
87,H3jh4oHegEjgjAYVMxLUuxvFF5c7sB0ii2ZsqNRojc=,H3jh4oHegEjgjAYVMxLUuxvFF5c7sB0ii2ZsqNRojc=,H3jh4oHegEjgjAYVMxLUuxvFF5c7sB0ii2ZsqNRojc=
88,aX+o4MEU0jsv3nWf6rkY9XdnJo+lUKxMZ3dB4rKPeIg=,aX+o4MEU0jsv3nWf6rkY9XdnJo+lUKxMZ3dB4rKPeIg=,aX+o4MEU0jsv3nWf6rkY9XdnJo+lUKxMZ3dB4rKPeIg=
89,9BRcpMfy5xpUYT4q90FyHWy+mkuq2KfX7Vx776z1Hzo=,9BRcpMfy5xpUYT4q90FyHWy+mkuq2KfX7Vx776z1Hzo=,9BRcpMfy5xpUYT4q90FyHWy+mkuq2KfX7Vx776z1Hzo=
90,UHpbr53H+Tq3A8WsQuutER3AZ3U4kk8rvvIcZoXyYW4=,UHpbr53H+Tq3A8WsQuutER3AZ3U4kk8rvvIcZoXyYW4=,UHpbr53H+Tq3A8WsQuutER3AZ3U4kk8rvvIcZoXyYW4=
91,IIA4xrn66xCn8e7DtUdpfLZ5UiXsEiQ4XxLEQi10gaI=,IIA4xrn66xCn8e7DtUdpfLZ5UiXsEiQ4XxLEQi10gaI=,IIA4xrn66xCn8e7DtUdpfLZ5UiXsEiQ4XxLEQi10gaI=
92,i9e31vE8rs3khHDmcXVcr2d+LEW40lIQtJWjP41QfTw=,i9e31vE8rs3khHDmcXVcr2d+LEW40lIQtJWjP41QfTw=,i9e31vE8rs3khHDmcXVcr2d+LEW40lIQtJWjP41QfTw=
93,uLjDD52faldRMo2FYs1Ga8g8UMlHy28M6pEKd1sbQ0=,uLjDD52faldRMo2FYs1Ga8g8UMlHy28M6pEKd1sbQ0=,uLjDD52faldRMo2FYs1Ga8g8UMlHy28M6pEKd1sbQ0=
94,EMTNI6PMDf4VFTxQnXzt0pPrf5gIdEtqLJdbf2ZasM=,EMTNI6PMDf4VFTxQnXzt0pPrf5gIdEtqLJdbf2ZasM=,EMTNI6PMDf4VFTxQnXzt0pPrf5gIdEtqLJdbf2ZasM=
95,Gqzye1esdiuzTdzYgWK3KmzdKAirPtwaneaCpQrgyg=,Gqzye1esdiuzTdzYgWK3KmzdKAirPtwaneaCpQrgyg=,Gqzye1esdiuzTdzYgWK3KmzdKAirPtwaneaCpQrgyg=
96,iH7Z0lyh1Of3oG5gfSkktma96sjOoJODoqjpcPsBx4=,iH7Z0lyh1Of3oG5gfSkktma96sjOoJODoqjpcPsBx4=,iH7Z0lyh1Of3oG5gfSkktma96sjOoJODoqjpcPsBx4=
97,5SvKZUtad+wwTnbnYlhzLjOr8ljo9+V2EMYNKslHUpQ=,5SvKZUtad+wwTnbnYlhzLjOr8ljo9+V2EMYNKslHUpQ=,5SvKZUtad+wwTnbnYlhzLjOr8ljo9+V2EMYNKslHUpQ=
98,dd5ZIk+ToWBsrJrTH3eow3DUwg0YDnux3VXycN9yoxQ=,dd5ZIk+ToWBsrJrTH3eow3DUwg0YDnux3VXycN9yoxQ=,dd5ZIk+ToWBsrJrTH3eow3DUwg0YDnux3VXycN9yoxQ=
99,YRMB4EIGaKOenuugakNsjQMtBJvLtQQqt8bpjPJlJbo=,YRMB4EIGaKOenuugakNsjQMtBJvLtQQqt8bpjPJlJbo=,YRMB4EIGaKOenuugakNsjQMtBJvLtQQqt8bpjPJlJbo=
100,3076148090,Cooper Bullock,CooperBullock
101,0nvfbq6y+SsF7voCKLeKnWfiKkzJAuN8xCgUOGyyTA=,0nvfbq6y+SsF7voCKLeKnWfiKkzJAuN8xCgUOGyyTA=,0nvfbq6y+SsF7voCKLeKnWfiKkzJAuN8xCgUOGyyTA=
102,ncNndRszG1gch06mGEXSR6qusYv45dB+YsxoIUwfTTA=,ncNndRszG1gch06mGEXSR6qusYv45dB+YsxoIUwfTTA=,ncNndRszG1gch06mGEXSR6qusYv45dB+YsxoIUwfTTA=
103,fdM++G97qg84OpHihv2benLFRWQRjzgnkxyi52jdZoI=,fdM++G97qg84OpHihv2benLFRWQRjzgnkxyi52jdZoI=,fdM++G97qg84OpHihv2benLFRWQRjzgnkxyi52jdZoI=
104,876XNeOSoNheoizqOw7WGm6wDLGcQNZ2URpVSXWjN4=,876XNeOSoNheoizqOw7WGm6wDLGcQNZ2URpVSXWjN4=,876XNeOSoNheoizqOw7WGm6wDLGcQNZ2URpVSXWjN4=
105,8Dfi3473teuOdG9zS7Lys7gKKCOJKN2m9qzkzKYb9+4=,8Dfi3473teuOdG9zS7Lys7gKKCOJKN2m9qzkzKYb9+4=,8Dfi3473teuOdG9zS7Lys7gKKCOJKN2m9qzkzKYb9+4=
106,pH+m09OqwMSUr1ieZiZmPxi2oqCh5JU3FFWN3WaFo=,pH+m09OqwMSUr1ieZiZmPxi2oqCh5JU3FFWN3WaFo=,pH+m09OqwMSUr1ieZiZmPxi2oqCh5JU3FFWN3WaFo=
107,VSWKBtn4BeqyN4yDeclz8fu53kJpsLI2N+iOwSXTjm8=,VSWKBtn4BeqyN4yDeclz8fu53kJpsLI2N+iOwSXTjm8=,VSWKBtn4BeqyN4yDeclz8fu53kJpsLI2N+iOwSXTjm8=
108,T6W98sRN2WieaVcy2kvHYfFqwP63w8M0ayW5z7vqzA=,T6W98sRN2WieaVcy2kvHYfFqwP63w8M0ayW5z7vqzA=,T6W98sRN2WieaVcy2kvHYfFqwP63w8M0ayW5z7vqzA=
109,8U9dNLdjdkce409RVK1q180h3x4vDPSfyRB7Bw4IDkc=,8U9dNLdjdkce409RVK1q180h3x4vDPSfyRB7Bw4IDkc=,8U9dNLdjdkce409RVK1q180h3x4vDPSfyRB7Bw4IDkc=
110,fsl62quBjxrxxmAG47Cto6l1oUv4uVoU65JeUvNrUK0=,fsl62quBjxrxxmAG47Cto6l1oUv4uVoU65JeUvNrUK0=,fsl62quBjxrxxmAG47Cto6l1oUv4uVoU65JeUvNrUK0=
111,2958636530,Herlinda Coyle,CoyleHerlinda
112,MQTT9icm+Q5MzW9NUgAHaMWLWsHq397A2iljmnTkRs=,MQTT9icm+Q5MzW9NUgAHaMWLWsHq397A2iljmnTkRs=,MQTT9icm+Q5MzW9NUgAHaMWLWsHq397A2iljmnTkRs=
113,WlloRivprxzDTiPVYqloFdVwSIN8cHNxgTZJW8N5xI0=,WlloRivprxzDTiPVYqloFdVwSIN8cHNxgTZJW8N5xI0=,WlloRivprxzDTiPVYqloFdVwSIN8cHNxgTZJW8N5xI0=
114,yokt3bFRAH9k0gYti4VMowFSWVt7Hfv6edlo92rsaw8=,yokt3bFRAH9k0gYti4VMowFSWVt7Hfv6edlo92rsaw8=,yokt3bFRAH9k0gYti4VMowFSWVt7Hfv6edlo92rsaw8=
115,yjxwJBdqQgtGbJIozVTuYw23B+DY557Nz8lZeJ4jsJg=,yjxwJBdqQgtGbJIozVTuYw23B+DY557Nz8lZeJ4jsJg=,yjxwJBdqQgtGbJIozVTuYw23B+DY557Nz8lZeJ4jsJg=
116,g8MQMraWHCyjUxDbyJMzIqU1KnWQjWc5JFN15eN6nIw=,g8MQMraWHCyjUxDbyJMzIqU1KnWQjWc5JFN15eN6nIw=,g8MQMraWHCyjUxDbyJMzIqU1KnWQjWc5JFN15eN6nIw=
117,mAEAuftOTDqZB7sCNr2iSP3THbRyOYG62dPJvcgLtBw=,mAEAuftOTDqZB7sCNr2iSP3THbRyOYG62dPJvcgLtBw=,mAEAuftOTDqZB7sCNr2iSP3THbRyOYG62dPJvcgLtBw=
118,UWGgFlTybpBOdSlFHuGRFYZYjSEg0OAz7ODA8SdrEAQ=,UWGgFlTybpBOdSlFHuGRFYZYjSEg0OAz7ODA8SdrEAQ=,UWGgFlTybpBOdSlFHuGRFYZYjSEg0OAz7ODA8SdrEAQ=
119,J1CvunjXUDnZx9ogA7P3ENLxIl+wvKZuG5efGv6+bs=,J1CvunjXUDnZx9ogA7P3ENLxIl+wvKZuG5efGv6+bs=,J1CvunjXUDnZx9ogA7P3ENLxIl+wvKZuG5efGv6+bs=
120,NRz3A4RnSAczZdVSyJ5aB77ijPkUEqtC4kpdIMq6u+s=,NRz3A4RnSAczZdVSyJ5aB77ijPkUEqtC4kpdIMq6u+s=,NRz3A4RnSAczZdVSyJ5aB77ijPkUEqtC4kpdIMq6u+s=
121,Gx1cdZetCo8ABW+KxXTzFbkNNnzvGy6fD1aKkOVsHY=,Gx1cdZetCo8ABW+KxXTzFbkNNnzvGy6fD1aKkOVsHY=,Gx1cdZetCo8ABW+KxXTzFbkNNnzvGy6fD1aKkOVsHY=
122,sKK0BNMdRlPIfEjZRVGk5PvuWm618NTpBYKZV1iRygI=,sKK0BNMdRlPIfEjZRVGk5PvuWm618NTpBYKZV1iRygI=,sKK0BNMdRlPIfEjZRVGk5PvuWm618NTpBYKZV1iRygI=
123,ryRAkAMPMXFjTmG8oLX9ZojnPGt8GtYcr5QhwNTeRAw=,ryRAkAMPMXFjTmG8oLX9ZojnPGt8GtYcr5QhwNTeRAw=,ryRAkAMPMXFjTmG8oLX9ZojnPGt8GtYcr5QhwNTeRAw=
124,ayeOp1XG2OR3PWmtHr6iaqqVKbukxMiTUxXe0dGESM=,ayeOp1XG2OR3PWmtHr6iaqqVKbukxMiTUxXe0dGESM=,ayeOp1XG2OR3PWmtHr6iaqqVKbukxMiTUxXe0dGESM=
125,e7MvNVZfeqKur1NOPP8yMnF5+WG4nTyD0VSVlVebGs=,e7MvNVZfeqKur1NOPP8yMnF5+WG4nTyD0VSVlVebGs=,e7MvNVZfeqKur1NOPP8yMnF5+WG4nTyD0VSVlVebGs=
126,nua0FFuxhaRRs4322q7ta4h6pDbvNV5lEYZrGDwnvT0=,nua0FFuxhaRRs4322q7ta4h6pDbvNV5lEYZrGDwnvT0=,nua0FFuxhaRRs4322q7ta4h6pDbvNV5lEYZrGDwnvT0=
127,7ciQzV6fNbkU4zTOExZRBrSjcQJAfPtDxOQCQxWpCc=,7ciQzV6fNbkU4zTOExZRBrSjcQJAfPtDxOQCQxWpCc=,7ciQzV6fNbkU4zTOExZRBrSjcQJAfPtDxOQCQxWpCc=
128,Eyu00YFZILCbVqBhxTAjrQK37M5KnbeXv4xmwx0=,Eyu00YFZILCbVqBhxTAjrQK37M5KnbeXv4xmwx0=,Eyu00YFZILCbVqBhxTAjrQK37M5KnbeXv4xmwx0=
129,GIVgmmAoDoBW0aieq9feznbBqvzqHzkboTvvLKx5s=,GIVgmmAoDoBW0aieq9feznbBqvzqHzkboTvvLKx5s=,GIVgmmAoDoBW0aieq9feznbBqvzqHzkboTvvLKx5s=
130,2958656695,Dennis Garris,dennis_garris
131,IUKFfkjRulcra6HBGwuR5UrtHsxwu+6YYRdI49byn0=,IUKFfkjRulcra6HBGwuR5UrtHsxwu+6YYRdI49byn0=,IUKFfkjRulcra6HBGwuR5UrtHsxwu+6YYRdI49byn0=
132,qA3uBVdVyx2aP6kESYm8Bzo84tQah5L2o4ii1JZ4e4=,qA3uBVdVyx2aP6kESYm8Bzo84tQah5L2o4ii1JZ4e4=,qA3uBVdVyx2aP6kESYm8Bzo84tQah5L2o4ii1JZ4e4=
133,+1zrIfSEu5GaeTzWgVgrPS6MiddJ55u5JXI5vuGzUY=,+1zrIfSEu5GaeTzWgVgrPS6MiddJ55u5JXI5vuGzUY=,+1zrIfSEu5GaeTzWgVgrPS6MiddJ55u5JXI5vuGzUY=
134,ZOqSkXE6okbiYG4bHZlW33vx0vCqzRRQbflvqaHeczM=,ZOqSkXE6okbiYG4bHZlW33vx0vCqzRRQbflvqaHeczM=,ZOqSkXE6okbiYG4bHZlW33vx0vCqzRRQbflvqaHeczM=
135,zxOUb84fHlmHTgLu3zb1RKjYoxAVDdsyUfqT5yBim4=,zxOUb84fHlmHTgLu3zb1RKjYoxAVDdsyUfqT5yBim4=,zxOUb84fHlmHTgLu3zb1RKjYoxAVDdsyUfqT5yBim4=
136,vP4E0wgXN+ii2uaRt4PEJDZRq9AmVUxxWAkH3eWTI=,vP4E0wgXN+ii2uaRt4PEJDZRq9AmVUxxWAkH3eWTI=,vP4E0wgXN+ii2uaRt4PEJDZRq9AmVUxxWAkH3eWTI=
137,Qhz3635eRQakbUq8mLF+HCD22xGsLX2SxfpVPtdL7I=,Qhz3635eRQakbUq8mLF+HCD22xGsLX2SxfpVPtdL7I=,Qhz3635eRQakbUq8mLF+HCD22xGsLX2SxfpVPtdL7I=
138,Lzxui57WNwvJhx+3PwYAhfGP+9rjuGoY0jig4x4tmU=,Lzxui57WNwvJhx+3PwYAhfGP+9rjuGoY0jig4x4tmU=,Lzxui57WNwvJhx+3PwYAhfGP+9rjuGoY0jig4x4tmU=
139,DDUNJfhrrc3uojsDtpZZ59vK6uMEYaiPOYg2L9EYrpo=,DDUNJfhrrc3uojsDtpZZ59vK6uMEYaiPOYg2L9EYrpo=,DDUNJfhrrc3uojsDtpZZ59vK6uMEYaiPOYg2L9EYrpo=
140,Wpcve+6PAvN0jTukxd67fgjnwkWl9QvHSFv165leAQ=,Wpcve+6PAvN0jTukxd67fgjnwkWl9QvHSFv165leAQ=,Wpcve+6PAvN0jTukxd67fgjnwkWl9QvHSFv165leAQ=
141,ZI7ejlQrZPQR6zXqjZFU2wiGlhOwJ2rhr2VLydik3w=,ZI7ejlQrZPQR6zXqjZFU2wiGlhOwJ2rhr2VLydik3w=,ZI7ejlQrZPQR6zXqjZFU2wiGlhOwJ2rhr2VLydik3w=
142,yEaZI8KUhytCyqNjvlwq83FGmGrvOtwgKaVlP73+R4k=,yEaZI8KUhytCyqNjvlwq83FGmGrvOtwgKaVlP73+R4k=,yEaZI8KUhytCyqNjvlwq83FGmGrvOtwgKaVlP73+R4k=
143,bw0WNLTpHimcpjaA0U7ewaXeKu1hungc40erk4z+XIw=,bw0WNLTpHimcpjaA0U7ewaXeKu1hungc40erk4z+XIw=,bw0WNLTpHimcpjaA0U7ewaXeKu1hungc40erk4z+XIw=
144,xgqdCOdJDPiiGdYit01ULmt8GdQ19QFhNxdtOE8bKTM=,xgqdCOdJDPiiGdYit01ULmt8GdQ19QFhNxdtOE8bKTM=,xgqdCOdJDPiiGdYit01ULmt8GdQ19QFhNxdtOE8bKTM=
145,PBYfc02RVo1NJDn04zM+CulfSOPeglwzm+QNDwRznMc=,PBYfc02RVo1NJDn04zM+CulfSOPeglwzm+QNDwRznMc=,PBYfc02RVo1NJDn04zM+CulfSOPeglwzm+QNDwRznMc=
146,BvjubcGk4G262KMWaACQXzthHtl1mv+pnRHdLpTP+M=,BvjubcGk4G262KMWaACQXzthHtl1mv+pnRHdLpTP+M=,BvjubcGk4G262KMWaACQXzthHtl1mv+pnRHdLpTP+M=
147,9iIZF1VtwQ1Gq3a4zrtO9eVh5697sQ11TeyjwOgSS5c=,9iIZF1VtwQ1Gq3a4zrtO9eVh5697sQ11TeyjwOgSS5c=,9iIZF1VtwQ1Gq3a4zrtO9eVh5697sQ11TeyjwOgSS5c=
148,9uHEWp+kEWFIpCuSYNknEqCdjelvkV0ruW48wILl3b4=,9uHEWp+kEWFIpCuSYNknEqCdjelvkV0ruW48wILl3b4=,9uHEWp+kEWFIpCuSYNknEqCdjelvkV0ruW48wILl3b4=
149,BiAOtUhmVVKtw5je1pBsriOASbhCQJUGjd+14uH4=,BiAOtUhmVVKtw5je1pBsriOASbhCQJUGjd+14uH4=,BiAOtUhmVVKtw5je1pBsriOASbhCQJUGjd+14uH4=
150,qN3d3BTdPFuCUM8eCgNVZ7FoObZYl7MkdAtv7uda8c=,qN3d3BTdPFuCUM8eCgNVZ7FoObZYl7MkdAtv7uda8c=,qN3d3BTdPFuCUM8eCgNVZ7FoObZYl7MkdAtv7uda8c=
151,3Lt1cD8ueU8fbQabdnq8PMLDN9rtoUB8A+OaQx5j68E=,3Lt1cD8ueU8fbQabdnq8PMLDN9rtoUB8A+OaQx5j68E=,3Lt1cD8ueU8fbQabdnq8PMLDN9rtoUB8A+OaQx5j68E=
152,AdoJwQtrIDVSBJGVZVP6v6Paufa2RutjStTwXgsK7Q=,AdoJwQtrIDVSBJGVZVP6v6Paufa2RutjStTwXgsK7Q=,AdoJwQtrIDVSBJGVZVP6v6Paufa2RutjStTwXgsK7Q=
153,At0BG90PUKJD5AlBx7xGauTzikw2E1t+qN9tImmL4uA=,At0BG90PUKJD5AlBx7xGauTzikw2E1t+qN9tImmL4uA=,At0BG90PUKJD5AlBx7xGauTzikw2E1t+qN9tImmL4uA=
154,2946923906,Rex Chism,ChismRex
155,PisOb3MHECtUNI3j6LuBmBeqN6FMyRZS8nNMbKqg=,PisOb3MHECtUNI3j6LuBmBeqN6FMyRZS8nNMbKqg=,PisOb3MHECtUNI3j6LuBmBeqN6FMyRZS8nNMbKqg=
156,SCpghsGhO8C2RBFySHMwH8NgoHVK4J8045YXVYgaDys=,SCpghsGhO8C2RBFySHMwH8NgoHVK4J8045YXVYgaDys=,SCpghsGhO8C2RBFySHMwH8NgoHVK4J8045YXVYgaDys=
157,2831593597,YungYohan ,YungYohan
158,NzGVtr+vkAtLjocNfX4Ry+woXfdjccHqFOR5Ad9mdE=,NzGVtr+vkAtLjocNfX4Ry+woXfdjccHqFOR5Ad9mdE=,NzGVtr+vkAtLjocNfX4Ry+woXfdjccHqFOR5Ad9mdE=
159,vcW9Co5Fo7IyJ88eC3U+0ewPaLcz5aaLdRX51QT9s4w=,vcW9Co5Fo7IyJ88eC3U+0ewPaLcz5aaLdRX51QT9s4w=,vcW9Co5Fo7IyJ88eC3U+0ewPaLcz5aaLdRX51QT9s4w=
160,3JnCOaIXqTlhj7cmWmdSuzFlA9CIEpdnVl905NaHZw=,3JnCOaIXqTlhj7cmWmdSuzFlA9CIEpdnVl905NaHZw=,3JnCOaIXqTlhj7cmWmdSuzFlA9CIEpdnVl905NaHZw=
161,SxCViMURq7Bsz9FGNGQqC4kPL5tOP1VnLyruSbPVl0w=,SxCViMURq7Bsz9FGNGQqC4kPL5tOP1VnLyruSbPVl0w=,SxCViMURq7Bsz9FGNGQqC4kPL5tOP1VnLyruSbPVl0w=
162,bLlfHia6agmYePxj0FSEXLrjw1NZmNMcCLUnMkofc=,bLlfHia6agmYePxj0FSEXLrjw1NZmNMcCLUnMkofc=,bLlfHia6agmYePxj0FSEXLrjw1NZmNMcCLUnMkofc=
163,GY5PDBQbT3L86vTWDpY1y3rES9QYBtV0pbu9huuqCGA=,GY5PDBQbT3L86vTWDpY1y3rES9QYBtV0pbu9huuqCGA=,GY5PDBQbT3L86vTWDpY1y3rES9QYBtV0pbu9huuqCGA=
164,7I4Q+VADjHBIxBuFJFz1RbsAng9lp7ReASzKKFg5Jb4=,7I4Q+VADjHBIxBuFJFz1RbsAng9lp7ReASzKKFg5Jb4=,7I4Q+VADjHBIxBuFJFz1RbsAng9lp7ReASzKKFg5Jb4=
165,ofFIH98ZRnbf8fSQlMwu+VtYvNanXi2d+C5DMWRdIro=,ofFIH98ZRnbf8fSQlMwu+VtYvNanXi2d+C5DMWRdIro=,ofFIH98ZRnbf8fSQlMwu+VtYvNanXi2d+C5DMWRdIro=
166,uHxbtCU0XEJv2QkJjx4D+fxszbXHgcV664205g84q4=,uHxbtCU0XEJv2QkJjx4D+fxszbXHgcV664205g84q4=,uHxbtCU0XEJv2QkJjx4D+fxszbXHgcV664205g84q4=
167,gGUavyhf7MjUhUqycdwYRwCjYLJAkrwQXkFgQbIEsqc=,gGUavyhf7MjUhUqycdwYRwCjYLJAkrwQXkFgQbIEsqc=,gGUavyhf7MjUhUqycdwYRwCjYLJAkrwQXkFgQbIEsqc=
168,hvflwqmCHp8enlxmOkJ6v4Q7q0xhDHaeLnzNyLg6QGM=,hvflwqmCHp8enlxmOkJ6v4Q7q0xhDHaeLnzNyLg6QGM=,hvflwqmCHp8enlxmOkJ6v4Q7q0xhDHaeLnzNyLg6QGM=
169,+OfqC132EuMruwHVYFJe74MjbhEX28BOiBY8vZK68o=,+OfqC132EuMruwHVYFJe74MjbhEX28BOiBY8vZK68o=,+OfqC132EuMruwHVYFJe74MjbhEX28BOiBY8vZK68o=
170,aiSLygwsutg4qli4qDR2T+LyNZLiZScl03+UyZIms=,aiSLygwsutg4qli4qDR2T+LyNZLiZScl03+UyZIms=,aiSLygwsutg4qli4qDR2T+LyNZLiZScl03+UyZIms=
171,mFboNDr4z6xBwpXGDBUR6WyktVoZWbMmcyR22YqydU=,mFboNDr4z6xBwpXGDBUR6WyktVoZWbMmcyR22YqydU=,mFboNDr4z6xBwpXGDBUR6WyktVoZWbMmcyR22YqydU=
172,Ep2+Q5E1GOGTBjRntisLz0ZQiDeoL00HWcz05aKsFjM=,Ep2+Q5E1GOGTBjRntisLz0ZQiDeoL00HWcz05aKsFjM=,Ep2+Q5E1GOGTBjRntisLz0ZQiDeoL00HWcz05aKsFjM=
173,py3inIuwlPMn76Pt8Rqa99XZhOxwzRHF9gvMqj7naxs=,py3inIuwlPMn76Pt8Rqa99XZhOxwzRHF9gvMqj7naxs=,py3inIuwlPMn76Pt8Rqa99XZhOxwzRHF9gvMqj7naxs=
174,+SA6zQByhddiKlCktA2rf8L2XYAirih0DZ6GJAa7m7A=,+SA6zQByhddiKlCktA2rf8L2XYAirih0DZ6GJAa7m7A=,+SA6zQByhddiKlCktA2rf8L2XYAirih0DZ6GJAa7m7A=
175,eXXZVEAgCstPf1aWRnuEcNEQEGepgViD9tYQn7U6w=,eXXZVEAgCstPf1aWRnuEcNEQEGepgViD9tYQn7U6w=,eXXZVEAgCstPf1aWRnuEcNEQEGepgViD9tYQn7U6w=
176,kP3D6S95wdT4N2Ke4T7SLKqsdttdE0Ar4WVOvl0TwQ=,kP3D6S95wdT4N2Ke4T7SLKqsdttdE0Ar4WVOvl0TwQ=,kP3D6S95wdT4N2Ke4T7SLKqsdttdE0Ar4WVOvl0TwQ=
177,qHso+DaJS5WK6wZmq2oyVQPMTPnQ8mhfB8DpvoWZDOo=,qHso+DaJS5WK6wZmq2oyVQPMTPnQ8mhfB8DpvoWZDOo=,qHso+DaJS5WK6wZmq2oyVQPMTPnQ8mhfB8DpvoWZDOo=
178,cHvv5Vmsq09eSZiPpqJnbJjtg6G8hXWz1xBjje+lS4E=,cHvv5Vmsq09eSZiPpqJnbJjtg6G8hXWz1xBjje+lS4E=,cHvv5Vmsq09eSZiPpqJnbJjtg6G8hXWz1xBjje+lS4E=
179,NJ7ebFhhaDIOX9ihvt3CItW0lntHEvKgOsaOpKzUXg=,NJ7ebFhhaDIOX9ihvt3CItW0lntHEvKgOsaOpKzUXg=,NJ7ebFhhaDIOX9ihvt3CItW0lntHEvKgOsaOpKzUXg=
180,S43DHJF9vCPkwYk+86ZWR5iZdl4B7EomJTW5SDuVM=,S43DHJF9vCPkwYk+86ZWR5iZdl4B7EomJTW5SDuVM=,S43DHJF9vCPkwYk+86ZWR5iZdl4B7EomJTW5SDuVM=
181,72rzj56bvyOcBvJBMfIjN1XxQIqP2Qu6ITnATmHxs=,72rzj56bvyOcBvJBMfIjN1XxQIqP2Qu6ITnATmHxs=,72rzj56bvyOcBvJBMfIjN1XxQIqP2Qu6ITnATmHxs=
182,N4qKdQcTDOz+kaQU5S7Tsk9USdAAuqITwYINk7nzBBc=,N4qKdQcTDOz+kaQU5S7Tsk9USdAAuqITwYINk7nzBBc=,N4qKdQcTDOz+kaQU5S7Tsk9USdAAuqITwYINk7nzBBc=
183,I0Mho0++vr2cAv2c44V8d1AaGUk30poOPNcCcqC8h8=,I0Mho0++vr2cAv2c44V8d1AaGUk30poOPNcCcqC8h8=,I0Mho0++vr2cAv2c44V8d1AaGUk30poOPNcCcqC8h8=
184,JAthOqpnm87DPw0pQZCF9hcKSRCoKf2vrsA2qvkhbI=,JAthOqpnm87DPw0pQZCF9hcKSRCoKf2vrsA2qvkhbI=,JAthOqpnm87DPw0pQZCF9hcKSRCoKf2vrsA2qvkhbI=
185,2Q4+pMBOCriZD8KDTuDsJGM6K0h3UxaxG060ApCpw4=,2Q4+pMBOCriZD8KDTuDsJGM6K0h3UxaxG060ApCpw4=,2Q4+pMBOCriZD8KDTuDsJGM6K0h3UxaxG060ApCpw4=
186,XiMWvUTyRdi8LhJdX9rmC4oQ4I0otDXtA3J7BVg0oQw=,XiMWvUTyRdi8LhJdX9rmC4oQ4I0otDXtA3J7BVg0oQw=,XiMWvUTyRdi8LhJdX9rmC4oQ4I0otDXtA3J7BVg0oQw=
187,2958635954,Wm Pearson,pearson_wm
188,DGMR8zhcMKXbxICHyEJKi2q+eggs5I5ZCG8TZIZBf1o=,DGMR8zhcMKXbxICHyEJKi2q+eggs5I5ZCG8TZIZBf1o=,DGMR8zhcMKXbxICHyEJKi2q+eggs5I5ZCG8TZIZBf1o=
189,867434522668810240,Cathy Torres,CathyTo98969932
190,nXSlmGiBP0fPMChYp+Ujtfx21TuQsY0ZIUsC78mTU=,nXSlmGiBP0fPMChYp+Ujtfx21TuQsY0ZIUsC78mTU=,nXSlmGiBP0fPMChYp+Ujtfx21TuQsY0ZIUsC78mTU=
191,LdB00Leepp9Xgup9xJ2qtpwFkvl+ucBGe4PV4XHUSxE=,LdB00Leepp9Xgup9xJ2qtpwFkvl+ucBGe4PV4XHUSxE=,LdB00Leepp9Xgup9xJ2qtpwFkvl+ucBGe4PV4XHUSxE=
192,SYI2supPJ20b7OINIBcZXjy980t6z8GnqBRWr1uiI=,SYI2supPJ20b7OINIBcZXjy980t6z8GnqBRWr1uiI=,SYI2supPJ20b7OINIBcZXjy980t6z8GnqBRWr1uiI=
193,1014397190335164416,The Donald,TheDona98509379
194,3327188408,Biden Warren 2016,BidenWarren16
195,W1rugHu5RBa+64ODDokKCvi8yPu9fzhmVMJxrTNUEZE=,W1rugHu5RBa+64ODDokKCvi8yPu9fzhmVMJxrTNUEZE=,W1rugHu5RBa+64ODDokKCvi8yPu9fzhmVMJxrTNUEZE=
196,cv4IFrWt5HpvYyRljwYOYoa4V39IarKuC0yJD2wFRPA=,cv4IFrWt5HpvYyRljwYOYoa4V39IarKuC0yJD2wFRPA=,cv4IFrWt5HpvYyRljwYOYoa4V39IarKuC0yJD2wFRPA=
197,RGTGuMxdonkl3fGXPYlkKaH6HzwHUE+06A2xyeMQqAo=,RGTGuMxdonkl3fGXPYlkKaH6HzwHUE+06A2xyeMQqAo=,RGTGuMxdonkl3fGXPYlkKaH6HzwHUE+06A2xyeMQqAo=
198,5MbhRRp22ixZT76sM0pz9u2x450OwRwEWzezvCvus8=,5MbhRRp22ixZT76sM0pz9u2x450OwRwEWzezvCvus8=,5MbhRRp22ixZT76sM0pz9u2x450OwRwEWzezvCvus8=
199,WTrar+6TYrBkAvU49Uq5kjfnpYoKyfvUYXXwmQSGQ0=,WTrar+6TYrBkAvU49Uq5kjfnpYoKyfvUYXXwmQSGQ0=,WTrar+6TYrBkAvU49Uq5kjfnpYoKyfvUYXXwmQSGQ0=
200,SfxKbfdo3+0DubDWABQgsKCFXmlwq1tpmWj4eLshwSI=,SfxKbfdo3+0DubDWABQgsKCFXmlwq1tpmWj4eLshwSI=,SfxKbfdo3+0DubDWABQgsKCFXmlwq1tpmWj4eLshwSI=
201,PWGPpjjtiVeUDZ2q+S2aIyGkAeQxCQGbecsaCkg5TSo=,PWGPpjjtiVeUDZ2q+S2aIyGkAeQxCQGbecsaCkg5TSo=,PWGPpjjtiVeUDZ2q+S2aIyGkAeQxCQGbecsaCkg5TSo=
202,qIIvkRNRz4jLmZRhLUDj+xS+twhyNk8MWcGO7S5alE=,qIIvkRNRz4jLmZRhLUDj+xS+twhyNk8MWcGO7S5alE=,qIIvkRNRz4jLmZRhLUDj+xS+twhyNk8MWcGO7S5alE=
203,XOOBRqJPoEiLVmZSSldMoSUJd0K+HiYo6myxrSQJg+k=,XOOBRqJPoEiLVmZSSldMoSUJd0K+HiYo6myxrSQJg+k=,XOOBRqJPoEiLVmZSSldMoSUJd0K+HiYo6myxrSQJg+k=
204,+ifpp68hrGB47v6QOXhRq7h1inuww3U+J7zcqoQ71cg=,+ifpp68hrGB47v6QOXhRq7h1inuww3U+J7zcqoQ71cg=,+ifpp68hrGB47v6QOXhRq7h1inuww3U+J7zcqoQ71cg=
205,SEtNV7rLIu1zUyBy9S7z8QmU1rnpcntkSbpEVDo4ueo=,SEtNV7rLIu1zUyBy9S7z8QmU1rnpcntkSbpEVDo4ueo=,SEtNV7rLIu1zUyBy9S7z8QmU1rnpcntkSbpEVDo4ueo=
206,yzDsBUQvUxqPYVkA3VBMVlAYHlZKYMSDtQ0yEfp7Tn0=,yzDsBUQvUxqPYVkA3VBMVlAYHlZKYMSDtQ0yEfp7Tn0=,yzDsBUQvUxqPYVkA3VBMVlAYHlZKYMSDtQ0yEfp7Tn0=
207,kq5UeLa2co5fBrnJsAn0g0X1xHfEvrb8fYltoxgGyf0=,kq5UeLa2co5fBrnJsAn0g0X1xHfEvrb8fYltoxgGyf0=,kq5UeLa2co5fBrnJsAn0g0X1xHfEvrb8fYltoxgGyf0=
208,Gfc+piKm+mCMDyIQRTb3c7TwTWXRhvMZku+Q8dH8rI=,Gfc+piKm+mCMDyIQRTb3c7TwTWXRhvMZku+Q8dH8rI=,Gfc+piKm+mCMDyIQRTb3c7TwTWXRhvMZku+Q8dH8rI=
209,qdm1igXY+jCOVtU8O6x8OxPveAQHQUymb5gUG5RzWKY=,qdm1igXY+jCOVtU8O6x8OxPveAQHQUymb5gUG5RzWKY=,qdm1igXY+jCOVtU8O6x8OxPveAQHQUymb5gUG5RzWKY=
210,n4n4Eb1F+XZAsG9qIHoyESMaaR9SkE3HXhCMl5mOfI=,n4n4Eb1F+XZAsG9qIHoyESMaaR9SkE3HXhCMl5mOfI=,n4n4Eb1F+XZAsG9qIHoyESMaaR9SkE3HXhCMl5mOfI=
211,sRqwe1OArwVNDl8dnSPyo5vz2cDeqZjpG53P68zgerw=,sRqwe1OArwVNDl8dnSPyo5vz2cDeqZjpG53P68zgerw=,sRqwe1OArwVNDl8dnSPyo5vz2cDeqZjpG53P68zgerw=
212,vxoyj3dQgxMJqHExV+QHpDA6MLYzXHAbq4m0HWl1mao=,vxoyj3dQgxMJqHExV+QHpDA6MLYzXHAbq4m0HWl1mao=,vxoyj3dQgxMJqHExV+QHpDA6MLYzXHAbq4m0HWl1mao=
213,61lMzlag8yL0NmbNmTdQQIanWzU21KxbdDeHTHVS0Q=,61lMzlag8yL0NmbNmTdQQIanWzU21KxbdDeHTHVS0Q=,61lMzlag8yL0NmbNmTdQQIanWzU21KxbdDeHTHVS0Q=
214,TKK8CmaoTua7FEVcjN8h3Se5LNxob5ICjC2DXEF5nk=,TKK8CmaoTua7FEVcjN8h3Se5LNxob5ICjC2DXEF5nk=,TKK8CmaoTua7FEVcjN8h3Se5LNxob5ICjC2DXEF5nk=
215,MRzMCqFdqs92a7W6Ysfh5P+uUP3VOe6FWA1b2Hcit2E=,MRzMCqFdqs92a7W6Ysfh5P+uUP3VOe6FWA1b2Hcit2E=,MRzMCqFdqs92a7W6Ysfh5P+uUP3VOe6FWA1b2Hcit2E=
216,BGl9Hm52ud+RpjVFdo54o+iwgPFQsEE7TNaICASKI3k=,BGl9Hm52ud+RpjVFdo54o+iwgPFQsEE7TNaICASKI3k=,BGl9Hm52ud+RpjVFdo54o+iwgPFQsEE7TNaICASKI3k=
217,OEUM8vSNoKNMQ6kBOVJREODkelN8XIH8aFVYm47UOfU=,OEUM8vSNoKNMQ6kBOVJREODkelN8XIH8aFVYm47UOfU=,OEUM8vSNoKNMQ6kBOVJREODkelN8XIH8aFVYm47UOfU=
218,6KMc16WhjIp7e7Eqq3p5jOHg4EVT2YTDpVbRO+ml2Q=,6KMc16WhjIp7e7Eqq3p5jOHg4EVT2YTDpVbRO+ml2Q=,6KMc16WhjIp7e7Eqq3p5jOHg4EVT2YTDpVbRO+ml2Q=
219,3588369982,Katty,FergensonK
220,AT8rb297Z33EzxnuMTNLn8br49xs1pHsTWUr8pQlXT0=,AT8rb297Z33EzxnuMTNLn8br49xs1pHsTWUr8pQlXT0=,AT8rb297Z33EzxnuMTNLn8br49xs1pHsTWUr8pQlXT0=
221,m6rn8EPPz0beP51mFC6vdUXNhx0wCc52QDU6RIJvvM=,m6rn8EPPz0beP51mFC6vdUXNhx0wCc52QDU6RIJvvM=,m6rn8EPPz0beP51mFC6vdUXNhx0wCc52QDU6RIJvvM=
222,UY5ZhP3JSy1wxZKehj1M9nO9UNy4ZjRqHks55A2A+7g=,UY5ZhP3JSy1wxZKehj1M9nO9UNy4ZjRqHks55A2A+7g=,UY5ZhP3JSy1wxZKehj1M9nO9UNy4ZjRqHks55A2A+7g=
223,iuWGfPzfNeO4rGthHQ4nyWnjpFZkjMxQr1byCsGs8s=,iuWGfPzfNeO4rGthHQ4nyWnjpFZkjMxQr1byCsGs8s=,iuWGfPzfNeO4rGthHQ4nyWnjpFZkjMxQr1byCsGs8s=
224,EwmQs9LJv3cdU4+wXVa2URfafgyyHGWcSuu6ZGXCLtU=,EwmQs9LJv3cdU4+wXVa2URfafgyyHGWcSuu6ZGXCLtU=,EwmQs9LJv3cdU4+wXVa2URfafgyyHGWcSuu6ZGXCLtU=
225,yv4qeQ5Q1s5g2i9BBckmghsK+74EOzAgxFsYlxhz1s=,yv4qeQ5Q1s5g2i9BBckmghsK+74EOzAgxFsYlxhz1s=,yv4qeQ5Q1s5g2i9BBckmghsK+74EOzAgxFsYlxhz1s=
226,o+cPOHZok97H0MfDapIf1kY7Rk97dh9p0z1REvzdVI=,o+cPOHZok97H0MfDapIf1kY7Rk97dh9p0z1REvzdVI=,o+cPOHZok97H0MfDapIf1kY7Rk97dh9p0z1REvzdVI=
227,qKiZHVDtMgIHoPCd2CBAqoEfM22YhgV+J+VO6Fm6Y0=,qKiZHVDtMgIHoPCd2CBAqoEfM22YhgV+J+VO6Fm6Y0=,qKiZHVDtMgIHoPCd2CBAqoEfM22YhgV+J+VO6Fm6Y0=
228,kWFUC5McBTSHCToWeQF4ce9bF24dTft6dDXcKclY=,kWFUC5McBTSHCToWeQF4ce9bF24dTft6dDXcKclY=,kWFUC5McBTSHCToWeQF4ce9bF24dTft6dDXcKclY=
229,PChyEmVs9mTaPaBOnUxg2d0KPNeiaKsr4MYdXqJ8gIQ=,PChyEmVs9mTaPaBOnUxg2d0KPNeiaKsr4MYdXqJ8gIQ=,PChyEmVs9mTaPaBOnUxg2d0KPNeiaKsr4MYdXqJ8gIQ=
230,jdDWo9LZY9Ct4F6S6DOlk1pfafF8OHLYc3MedQHYg=,jdDWo9LZY9Ct4F6S6DOlk1pfafF8OHLYc3MedQHYg=,jdDWo9LZY9Ct4F6S6DOlk1pfafF8OHLYc3MedQHYg=
231,dMLMauJLSfQKGDxllrxn3twL3XGl9JlNb8KhRKb8qfA=,dMLMauJLSfQKGDxllrxn3twL3XGl9JlNb8KhRKb8qfA=,dMLMauJLSfQKGDxllrxn3twL3XGl9JlNb8KhRKb8qfA=
232,T8wOINi6ATj1kDYdupUeeudC3bFB5Q9XjiT5v0K6jUs=,T8wOINi6ATj1kDYdupUeeudC3bFB5Q9XjiT5v0K6jUs=,T8wOINi6ATj1kDYdupUeeudC3bFB5Q9XjiT5v0K6jUs=
233,3324617078,The Food Reformer,FoodReformer
234,eIPHm6IHDpgJmQwiOI0xvupjs8zj3HQilLGpblCTI=,eIPHm6IHDpgJmQwiOI0xvupjs8zj3HQilLGpblCTI=,eIPHm6IHDpgJmQwiOI0xvupjs8zj3HQilLGpblCTI=
235,2958656797,Yadira Johnson,sauculp81
236,q5EKq48Pe+ldyLE+KM8pspSU2bw7p+MPS2Ap+2yX9Y=,q5EKq48Pe+ldyLE+KM8pspSU2bw7p+MPS2Ap+2yX9Y=,q5EKq48Pe+ldyLE+KM8pspSU2bw7p+MPS2Ap+2yX9Y=
237,OiWB2zbaeG50MvKJ0fEwkY8ZaVD4JTXe+K0dRUlm3k=,OiWB2zbaeG50MvKJ0fEwkY8ZaVD4JTXe+K0dRUlm3k=,OiWB2zbaeG50MvKJ0fEwkY8ZaVD4JTXe+K0dRUlm3k=
238,jCSHgtfXR68jOv5XgLp5RFuU4PjWKtSJwtKR0TlwkU=,jCSHgtfXR68jOv5XgLp5RFuU4PjWKtSJwtKR0TlwkU=,jCSHgtfXR68jOv5XgLp5RFuU4PjWKtSJwtKR0TlwkU=
239,913920405093498881,SamTheInfidel2.5,5Samtheinfidel2
240,ih6JStG6Vwb+6XONQBhqFs2K6Hlu0gtZTEvYrSMXw4=,ih6JStG6Vwb+6XONQBhqFs2K6Hlu0gtZTEvYrSMXw4=,ih6JStG6Vwb+6XONQBhqFs2K6Hlu0gtZTEvYrSMXw4=
241,sBPD6OjujXdDy1tfMDWkPvjs1ueCVwXhpeDB6epRdw=,sBPD6OjujXdDy1tfMDWkPvjs1ueCVwXhpeDB6epRdw=,sBPD6OjujXdDy1tfMDWkPvjs1ueCVwXhpeDB6epRdw=
242,n5Q+XPofWXsTnLSYU+VHU514BXnx7Op2NVR8RPSTnvc=,n5Q+XPofWXsTnLSYU+VHU514BXnx7Op2NVR8RPSTnvc=,n5Q+XPofWXsTnLSYU+VHU514BXnx7Op2NVR8RPSTnvc=
243,GNkAiR2IwNVbndqG+s3MCVNL+EF2avhV20VjazfMp4=,GNkAiR2IwNVbndqG+s3MCVNL+EF2avhV20VjazfMp4=,GNkAiR2IwNVbndqG+s3MCVNL+EF2avhV20VjazfMp4=
244,ANmBfAFRIZ6MOVWXQgfx8nu1T5wwmwk4NsyH+WJxEIM=,ANmBfAFRIZ6MOVWXQgfx8nu1T5wwmwk4NsyH+WJxEIM=,ANmBfAFRIZ6MOVWXQgfx8nu1T5wwmwk4NsyH+WJxEIM=
245,gqFLwBVk6YfOVwG6utnmOwYATLgQZmvjMsYsefXLlpU=,gqFLwBVk6YfOVwG6utnmOwYATLgQZmvjMsYsefXLlpU=,gqFLwBVk6YfOVwG6utnmOwYATLgQZmvjMsYsefXLlpU=
246,0t4vCBCjm7VvHVcAeGRa3Lht0gSDyliyMYngZEHnA=,0t4vCBCjm7VvHVcAeGRa3Lht0gSDyliyMYngZEHnA=,0t4vCBCjm7VvHVcAeGRa3Lht0gSDyliyMYngZEHnA=
247,EiztcGufPuU3pnpgk2s1kDK2fsw9tweHfx4FvGZj3oM=,EiztcGufPuU3pnpgk2s1kDK2fsw9tweHfx4FvGZj3oM=,EiztcGufPuU3pnpgk2s1kDK2fsw9tweHfx4FvGZj3oM=
248,FW06ivXRYTYvJaY3f87DgmsNBCqpGxRMEHZLqp0VkHg=,FW06ivXRYTYvJaY3f87DgmsNBCqpGxRMEHZLqp0VkHg=,FW06ivXRYTYvJaY3f87DgmsNBCqpGxRMEHZLqp0VkHg=
249,BBZUU2I3JYkvlgGLoMNGD855aYBOxccsziSqJYWMtwM=,BBZUU2I3JYkvlgGLoMNGD855aYBOxccsziSqJYWMtwM=,BBZUU2I3JYkvlgGLoMNGD855aYBOxccsziSqJYWMtwM=
250,MzNFylMR3dL1c73kDRUkj0OBfCtya4fRh8bUv0Qp1A=,MzNFylMR3dL1c73kDRUkj0OBfCtya4fRh8bUv0Qp1A=,MzNFylMR3dL1c73kDRUkj0OBfCtya4fRh8bUv0Qp1A=
251,GC37Gn90IDGRKYtjyqMVBCgr3KRhe1tblJ6dmgv2YxY=,GC37Gn90IDGRKYtjyqMVBCgr3KRhe1tblJ6dmgv2YxY=,GC37Gn90IDGRKYtjyqMVBCgr3KRhe1tblJ6dmgv2YxY=
252,4hja9KW2P0apOTD6iwFYEB0Bg1WJxj0BQeq0+uNnE=,4hja9KW2P0apOTD6iwFYEB0Bg1WJxj0BQeq0+uNnE=,4hja9KW2P0apOTD6iwFYEB0Bg1WJxj0BQeq0+uNnE=
253,828605249732694016,Gabriella Lima,Gabriella_libre
254,Mdm0GLTTfTD6Czxl7rR0oQzncvYtpulIk1hgu2lsqUk=,Mdm0GLTTfTD6Czxl7rR0oQzncvYtpulIk1hgu2lsqUk=,Mdm0GLTTfTD6Czxl7rR0oQzncvYtpulIk1hgu2lsqUk=
255,TfAIZXAy2WKyIaMRGRo5Bc7TvYn5jid4HDIhZjHGuL0=,TfAIZXAy2WKyIaMRGRo5Bc7TvYn5jid4HDIhZjHGuL0=,TfAIZXAy2WKyIaMRGRo5Bc7TvYn5jid4HDIhZjHGuL0=
256,osFqASr+q5wLKqyLJk+xII3wih3qeFsbELGwdXf4c=,osFqASr+q5wLKqyLJk+xII3wih3qeFsbELGwdXf4c=,osFqASr+q5wLKqyLJk+xII3wih3qeFsbELGwdXf4c=
257,wsOZx0gR0mdFPUPO+2duTQ7jiyrbO5jNzDWXaOhcMZ4=,wsOZx0gR0mdFPUPO+2duTQ7jiyrbO5jNzDWXaOhcMZ4=,wsOZx0gR0mdFPUPO+2duTQ7jiyrbO5jNzDWXaOhcMZ4=
258,5iw5a8wh3389BcZXAvnNZil+sAI1bFHnRzEHMgyEHc=,5iw5a8wh3389BcZXAvnNZil+sAI1bFHnRzEHMgyEHc=,5iw5a8wh3389BcZXAvnNZil+sAI1bFHnRzEHMgyEHc=
259,iZP6XXTxdDtjoMlq79pqJpb+i2TIuL9ATQgN2dV6ys=,iZP6XXTxdDtjoMlq79pqJpb+i2TIuL9ATQgN2dV6ys=,iZP6XXTxdDtjoMlq79pqJpb+i2TIuL9ATQgN2dV6ys=
260,LpwVlNBsT1PPB3AW0Q3PMCtXrnJmN5WitgUpvSzVCc=,LpwVlNBsT1PPB3AW0Q3PMCtXrnJmN5WitgUpvSzVCc=,LpwVlNBsT1PPB3AW0Q3PMCtXrnJmN5WitgUpvSzVCc=
261,7c+eB4ecytnpfmmMkJJ9iRNADKDGCqnFXAzWt9lfRE=,7c+eB4ecytnpfmmMkJJ9iRNADKDGCqnFXAzWt9lfRE=,7c+eB4ecytnpfmmMkJJ9iRNADKDGCqnFXAzWt9lfRE=
262,pn2VzQfSz8ZfJK29SzPV7rb+BaL2nKFYe4Z4mihOEFU=,pn2VzQfSz8ZfJK29SzPV7rb+BaL2nKFYe4Z4mihOEFU=,pn2VzQfSz8ZfJK29SzPV7rb+BaL2nKFYe4Z4mihOEFU=
263,f++CGhTjv2KuOc+gtR1HnuK0KQG9u7D0se6BNJdmo=,f++CGhTjv2KuOc+gtR1HnuK0KQG9u7D0se6BNJdmo=,f++CGhTjv2KuOc+gtR1HnuK0KQG9u7D0se6BNJdmo=
264,3088707670,Tumblr Girl,vaynernessy
265,GzkjokuBk9UocLTWmMLUc9VwNbwHe5jmrOsP6ORDII=,GzkjokuBk9UocLTWmMLUc9VwNbwHe5jmrOsP6ORDII=,GzkjokuBk9UocLTWmMLUc9VwNbwHe5jmrOsP6ORDII=
266,DbkP3I2Jv54QYlUPov6epHqcvRBJa65oY2ZlNn62Y=,DbkP3I2Jv54QYlUPov6epHqcvRBJa65oY2ZlNn62Y=,DbkP3I2Jv54QYlUPov6epHqcvRBJa65oY2ZlNn62Y=
267,Tstgqq7DIWdmE3FYonHtVoXh8CE2+fkx70czi78KVUQ=,Tstgqq7DIWdmE3FYonHtVoXh8CE2+fkx70czi78KVUQ=,Tstgqq7DIWdmE3FYonHtVoXh8CE2+fkx70czi78KVUQ=
268,8S8kJelkwwHngkSYmGGvqXUeyDiGNNY3FoY5ZmMZvfE=,8S8kJelkwwHngkSYmGGvqXUeyDiGNNY3FoY5ZmMZvfE=,8S8kJelkwwHngkSYmGGvqXUeyDiGNNY3FoY5ZmMZvfE=
269,E69k2FpXdXDX+rNFS3KfFmED1cy737BH29S1LQYqRkk=,E69k2FpXdXDX+rNFS3KfFmED1cy737BH29S1LQYqRkk=,E69k2FpXdXDX+rNFS3KfFmED1cy737BH29S1LQYqRkk=
270,bXKRuiHOI8wjUZUlJQNFE+JWY9UEeAHEqCqK9JLwAgY=,bXKRuiHOI8wjUZUlJQNFE+JWY9UEeAHEqCqK9JLwAgY=,bXKRuiHOI8wjUZUlJQNFE+JWY9UEeAHEqCqK9JLwAgY=
271,68Y3omPCequ5ZsoAPB7AHlAjpuuhQ1ur8QeqY8tbLv4=,68Y3omPCequ5ZsoAPB7AHlAjpuuhQ1ur8QeqY8tbLv4=,68Y3omPCequ5ZsoAPB7AHlAjpuuhQ1ur8QeqY8tbLv4=
272,939707226104643584,Covfefe Revolution,CovfefeRevolut1
273,2958657025,Nigel Damon,DamonNigel
274,aV11lGi7OhRqPZwlZDY8voBJBTnPxmCNT1zZe71mGF0=,aV11lGi7OhRqPZwlZDY8voBJBTnPxmCNT1zZe71mGF0=,aV11lGi7OhRqPZwlZDY8voBJBTnPxmCNT1zZe71mGF0=
275,jbkDpoXgNenssaEyez7WCcDOQLodCUJTCDVNRbb6zI=,jbkDpoXgNenssaEyez7WCcDOQLodCUJTCDVNRbb6zI=,jbkDpoXgNenssaEyez7WCcDOQLodCUJTCDVNRbb6zI=
276,0OB5PRC6lxEah2hRTHccDbkcBZk2Q+or50BeuNUS6Ws=,0OB5PRC6lxEah2hRTHccDbkcBZk2Q+or50BeuNUS6Ws=,0OB5PRC6lxEah2hRTHccDbkcBZk2Q+or50BeuNUS6Ws=
277,JMJ50J53rqtygJ+GaEixXWqNU803sJ+QXb0bXXKfjc=,JMJ50J53rqtygJ+GaEixXWqNU803sJ+QXb0bXXKfjc=,JMJ50J53rqtygJ+GaEixXWqNU803sJ+QXb0bXXKfjc=
278,E+tOR+1T9vtu+sXSOAAASfjk2me0l5r7496HmVDluTI=,E+tOR+1T9vtu+sXSOAAASfjk2me0l5r7496HmVDluTI=,E+tOR+1T9vtu+sXSOAAASfjk2me0l5r7496HmVDluTI=
279,3101141351,Денис Егоров,denegorov821
280,zLWRRcLtsGHstD6K06x3q9fdSyVv2dRCSWJQaG5yus=,zLWRRcLtsGHstD6K06x3q9fdSyVv2dRCSWJQaG5yus=,zLWRRcLtsGHstD6K06x3q9fdSyVv2dRCSWJQaG5yus=
281,rGayHA0tFL9wSnNdKv98OEgUYKSELhLEQZv+Ejl38=,rGayHA0tFL9wSnNdKv98OEgUYKSELhLEQZv+Ejl38=,rGayHA0tFL9wSnNdKv98OEgUYKSELhLEQZv+Ejl38=
282,913602858737532928,SamTheInfidel2.0,samtheinfidel2
283,vTHdHFFzN+grXpNrBaCqijpTM4G6AfPoPt410s4Tfts=,vTHdHFFzN+grXpNrBaCqijpTM4G6AfPoPt410s4Tfts=,vTHdHFFzN+grXpNrBaCqijpTM4G6AfPoPt410s4Tfts=
284,auMmVmw7KJ7OX5WH65weJEgL6Vf1NWxg9yyBkxLypEs=,auMmVmw7KJ7OX5WH65weJEgL6Vf1NWxg9yyBkxLypEs=,auMmVmw7KJ7OX5WH65weJEgL6Vf1NWxg9yyBkxLypEs=
285,VbVO2IXM2Pzj4BGRdeFJDGiH3D4qWirzxepsAwmSxBk=,VbVO2IXM2Pzj4BGRdeFJDGiH3D4qWirzxepsAwmSxBk=,VbVO2IXM2Pzj4BGRdeFJDGiH3D4qWirzxepsAwmSxBk=
286,lh56pmZ594R+TPDxXxLuqSlaVuGNl8tJDQumtaDckQs=,lh56pmZ594R+TPDxXxLuqSlaVuGNl8tJDQumtaDckQs=,lh56pmZ594R+TPDxXxLuqSlaVuGNl8tJDQumtaDckQs=
287,AXwaW2PCe5aU6DkIU9zCTeQyHOAFqn2cIwRrASbbo=,AXwaW2PCe5aU6DkIU9zCTeQyHOAFqn2cIwRrASbbo=,AXwaW2PCe5aU6DkIU9zCTeQyHOAFqn2cIwRrASbbo=
288,2958636824,Doris Paine,DorisPaine
289,fuLfIaCVdShhEWxvZldBbq03JIqxVwJcHEYTr8N5AM=,fuLfIaCVdShhEWxvZldBbq03JIqxVwJcHEYTr8N5AM=,fuLfIaCVdShhEWxvZldBbq03JIqxVwJcHEYTr8N5AM=
290,cK8brzR3bBLeWmhSSvEalZAUQyaYQaIyxQ+H4akhj6Y=,cK8brzR3bBLeWmhSSvEalZAUQyaYQaIyxQ+H4akhj6Y=,cK8brzR3bBLeWmhSSvEalZAUQyaYQaIyxQ+H4akhj6Y=
291,2958657175,Cleta Cheatham,CheathamCleta
292,HdFT6WwPkgOrkd8sSQXsdnbg0M2Mey5VkhHHFOaRezM=,HdFT6WwPkgOrkd8sSQXsdnbg0M2Mey5VkhHHFOaRezM=,HdFT6WwPkgOrkd8sSQXsdnbg0M2Mey5VkhHHFOaRezM=
293,XSmgUTayzkUBay57FbAbi8uApw3BOrozzFXHQvWhWk=,XSmgUTayzkUBay57FbAbi8uApw3BOrozzFXHQvWhWk=,XSmgUTayzkUBay57FbAbi8uApw3BOrozzFXHQvWhWk=
294,n5S+4+4XeKltwfe3gCzd4sY+qHdTDXy5xs1D0lyZAA=,n5S+4+4XeKltwfe3gCzd4sY+qHdTDXy5xs1D0lyZAA=,n5S+4+4XeKltwfe3gCzd4sY+qHdTDXy5xs1D0lyZAA=
295,xynaWK5T61oPjZfVT4gZ6FeR50eb3tcoYud8Ti3eGQ0=,xynaWK5T61oPjZfVT4gZ6FeR50eb3tcoYud8Ti3eGQ0=,xynaWK5T61oPjZfVT4gZ6FeR50eb3tcoYud8Ti3eGQ0=
296,PF4D7lMIdYoyZhgh9UceZk5Tm1+C209UZJV03B0TUA=,PF4D7lMIdYoyZhgh9UceZk5Tm1+C209UZJV03B0TUA=,PF4D7lMIdYoyZhgh9UceZk5Tm1+C209UZJV03B0TUA=
297,volMSHXOaffzN3SpfSb8L78QwGrVFw0547dbmYkmgM=,volMSHXOaffzN3SpfSb8L78QwGrVFw0547dbmYkmgM=,volMSHXOaffzN3SpfSb8L78QwGrVFw0547dbmYkmgM=
298,flzZadlOiZ+OxR3F4PWjxvzOwb4so3fir3+ko33iE=,flzZadlOiZ+OxR3F4PWjxvzOwb4so3fir3+ko33iE=,flzZadlOiZ+OxR3F4PWjxvzOwb4so3fir3+ko33iE=
299,nmSv8Ex1KBocc5A1A6E94gY2hxI4uc1F754veeuzUQw=,nmSv8Ex1KBocc5A1A6E94gY2hxI4uc1F754veeuzUQw=,nmSv8Ex1KBocc5A1A6E94gY2hxI4uc1F754veeuzUQw=
300,nuNMjBWyJeS43wguXPKl8CdFPnhvflunlWRe1S63v4=,nuNMjBWyJeS43wguXPKl8CdFPnhvflunlWRe1S63v4=,nuNMjBWyJeS43wguXPKl8CdFPnhvflunlWRe1S63v4=
301,pordrv7tpbAtnpVhtppdyIBAjiYzD0M14SYm5yQdQIA=,pordrv7tpbAtnpVhtppdyIBAjiYzD0M14SYm5yQdQIA=,pordrv7tpbAtnpVhtppdyIBAjiYzD0M14SYm5yQdQIA=
302,Cb3QofHgq6caFmX8IdoTQmM8ycDZ0ryIuilsumqJo=,Cb3QofHgq6caFmX8IdoTQmM8ycDZ0ryIuilsumqJo=,Cb3QofHgq6caFmX8IdoTQmM8ycDZ0ryIuilsumqJo=
303,J0JBC8AJyapnDMhSPx9WfJ6fEKW44TOssF3auz5CU=,J0JBC8AJyapnDMhSPx9WfJ6fEKW44TOssF3auz5CU=,J0JBC8AJyapnDMhSPx9WfJ6fEKW44TOssF3auz5CU=
304,ESbGIKRTv0qBuYKQq4ZNaswOa8W4fUgUDoC3QxShTUo=,ESbGIKRTv0qBuYKQq4ZNaswOa8W4fUgUDoC3QxShTUo=,ESbGIKRTv0qBuYKQq4ZNaswOa8W4fUgUDoC3QxShTUo=
305,oaj6QdUhtkwY4StHEA5jK0R+JkzrnCC3N6yAfRWC9k=,oaj6QdUhtkwY4StHEA5jK0R+JkzrnCC3N6yAfRWC9k=,oaj6QdUhtkwY4StHEA5jK0R+JkzrnCC3N6yAfRWC9k=
306,kPx9QZxZ2G7EbQNwioBXZmtQBbMmhhbCB1eJPwumRA=,kPx9QZxZ2G7EbQNwioBXZmtQBbMmhhbCB1eJPwumRA=,kPx9QZxZ2G7EbQNwioBXZmtQBbMmhhbCB1eJPwumRA=
307,1a+p2dIm2BgZgFpPqvvrYyF6w3OYhkKLpS5r4TKl4=,1a+p2dIm2BgZgFpPqvvrYyF6w3OYhkKLpS5r4TKl4=,1a+p2dIm2BgZgFpPqvvrYyF6w3OYhkKLpS5r4TKl4=
308,MVjj0Aj40XKsVzG+kIkQa7t4BeeazDhZbASEpHKliI=,MVjj0Aj40XKsVzG+kIkQa7t4BeeazDhZbASEpHKliI=,MVjj0Aj40XKsVzG+kIkQa7t4BeeazDhZbASEpHKliI=
309,1Tkgb96wcbfG1YSJYzsB2OCPCsk4S8WCVMXPYRrkIuw=,1Tkgb96wcbfG1YSJYzsB2OCPCsk4S8WCVMXPYRrkIuw=,1Tkgb96wcbfG1YSJYzsB2OCPCsk4S8WCVMXPYRrkIuw=
310,4125840934,Inside Syria MC,Inside_Syria
311,cpGoWRKuWjs4rgU4q2SIgYVvWUMdFkglid14Dd9CQWE=,cpGoWRKuWjs4rgU4q2SIgYVvWUMdFkglid14Dd9CQWE=,cpGoWRKuWjs4rgU4q2SIgYVvWUMdFkglid14Dd9CQWE=
312,wKW3ysi+lFwHw3Yl+WHE0LnQn7YzBRYktNf9qulEw=,wKW3ysi+lFwHw3Yl+WHE0LnQn7YzBRYktNf9qulEw=,wKW3ysi+lFwHw3Yl+WHE0LnQn7YzBRYktNf9qulEw=
313,mR3BJQGQhj96SWQL+YT+BMDZT+jQIVHnLCBFm+gZVsM=,mR3BJQGQhj96SWQL+YT+BMDZT+jQIVHnLCBFm+gZVsM=,mR3BJQGQhj96SWQL+YT+BMDZT+jQIVHnLCBFm+gZVsM=
314,hUMb7TjJbC5TIWSE8xq6IbnocX2pJC2PZEf30DudSg=,hUMb7TjJbC5TIWSE8xq6IbnocX2pJC2PZEf30DudSg=,hUMb7TjJbC5TIWSE8xq6IbnocX2pJC2PZEf30DudSg=
315,xLLJOy9Drt9Xs9hssRcTuByztjZGObpPsvzMm9cbQ8=,xLLJOy9Drt9Xs9hssRcTuByztjZGObpPsvzMm9cbQ8=,xLLJOy9Drt9Xs9hssRcTuByztjZGObpPsvzMm9cbQ8=
316,4+hzzyUyFH9Dlba7+D2z9BFU23qRO14bN6aSUeMjc=,4+hzzyUyFH9Dlba7+D2z9BFU23qRO14bN6aSUeMjc=,4+hzzyUyFH9Dlba7+D2z9BFU23qRO14bN6aSUeMjc=
317,vDGA6pZiEqfHGGY5oFWyeAtbypi77VB6zF2T9Zguo=,vDGA6pZiEqfHGGY5oFWyeAtbypi77VB6zF2T9Zguo=,vDGA6pZiEqfHGGY5oFWyeAtbypi77VB6zF2T9Zguo=
318,Y4qKAoYWMZQ4WJZBCylTQz6rqER4WQ1rBX5T87X8Bwg=,Y4qKAoYWMZQ4WJZBCylTQz6rqER4WQ1rBX5T87X8Bwg=,Y4qKAoYWMZQ4WJZBCylTQz6rqER4WQ1rBX5T87X8Bwg=
319,wr5EwCAbBxGpNpb00f3+Bbe5IQ3RcD8FeKVSKCv9C30=,wr5EwCAbBxGpNpb00f3+Bbe5IQ3RcD8FeKVSKCv9C30=,wr5EwCAbBxGpNpb00f3+Bbe5IQ3RcD8FeKVSKCv9C30=
320,0lLN+9X+BnNKKKqN1ThHfdAv7BapKEExVgaiJnBeYkc=,0lLN+9X+BnNKKKqN1ThHfdAv7BapKEExVgaiJnBeYkc=,0lLN+9X+BnNKKKqN1ThHfdAv7BapKEExVgaiJnBeYkc=
321,5I2pL3p5Vwd4x5Owqc8bkPWrQiPPCcbbNu11huYYao=,5I2pL3p5Vwd4x5Owqc8bkPWrQiPPCcbbNu11huYYao=,5I2pL3p5Vwd4x5Owqc8bkPWrQiPPCcbbNu11huYYao=
322,klFMCWjwHr1fpyviPflSC8tl9o502jSfyspVdiME9A=,klFMCWjwHr1fpyviPflSC8tl9o502jSfyspVdiME9A=,klFMCWjwHr1fpyviPflSC8tl9o502jSfyspVdiME9A=
323,+cMaDi6JD3MhrhNUUwd6g4lCgZhH8UWs65fOHU4ItpE=,+cMaDi6JD3MhrhNUUwd6g4lCgZhH8UWs65fOHU4ItpE=,+cMaDi6JD3MhrhNUUwd6g4lCgZhH8UWs65fOHU4ItpE=
324,NvJiAQkN33efuBPTtL4l1ED6obIcxSbVqW46sKAdqIU=,NvJiAQkN33efuBPTtL4l1ED6obIcxSbVqW46sKAdqIU=,NvJiAQkN33efuBPTtL4l1ED6obIcxSbVqW46sKAdqIU=
325,yDBzBreqRXNjn42zgImqYoAjivSdPHEnStbKmHmeRbA=,yDBzBreqRXNjn42zgImqYoAjivSdPHEnStbKmHmeRbA=,yDBzBreqRXNjn42zgImqYoAjivSdPHEnStbKmHmeRbA=
326,BHY5uExg0NHxpc02q5uVt4rX4aDCoozOqNHyVskycg=,BHY5uExg0NHxpc02q5uVt4rX4aDCoozOqNHyVskycg=,BHY5uExg0NHxpc02q5uVt4rX4aDCoozOqNHyVskycg=
327,m9LtU6hTgNONYl0uamkDLZb+UOhqw2Jqap5wEuuYIt4=,m9LtU6hTgNONYl0uamkDLZb+UOhqw2Jqap5wEuuYIt4=,m9LtU6hTgNONYl0uamkDLZb+UOhqw2Jqap5wEuuYIt4=
328,CvdWrOe+DnfPLfjrYsdDIfQxdq5eZKArCdDgP5aoHeg=,CvdWrOe+DnfPLfjrYsdDIfQxdq5eZKArCdDgP5aoHeg=,CvdWrOe+DnfPLfjrYsdDIfQxdq5eZKArCdDgP5aoHeg=
329,ikrqY4wlsrmIwoiaDUolhMfCvqqgHcjvDukQnnC7cqY=,ikrqY4wlsrmIwoiaDUolhMfCvqqgHcjvDukQnnC7cqY=,ikrqY4wlsrmIwoiaDUolhMfCvqqgHcjvDukQnnC7cqY=
330,8xFAhYFn1WY3yaLvaASqX9NywRKXvO4XeT+ct7Un7E=,8xFAhYFn1WY3yaLvaASqX9NywRKXvO4XeT+ct7Un7E=,8xFAhYFn1WY3yaLvaASqX9NywRKXvO4XeT+ct7Un7E=
331,+9JIfRUrH1ZK+6UXd9kovs87ugSJpXFs6lZsSG526Bw=,+9JIfRUrH1ZK+6UXd9kovs87ugSJpXFs6lZsSG526Bw=,+9JIfRUrH1ZK+6UXd9kovs87ugSJpXFs6lZsSG526Bw=
332,CdKbk2c5kKkuJ068UxnKX60jOO7YFVdOd4+ac+JZW4=,CdKbk2c5kKkuJ068UxnKX60jOO7YFVdOd4+ac+JZW4=,CdKbk2c5kKkuJ068UxnKX60jOO7YFVdOd4+ac+JZW4=
333,CBwMl3PJXyUw0CeTn5HsADvhHROeHQ5Fz7HRJE739nI=,CBwMl3PJXyUw0CeTn5HsADvhHROeHQ5Fz7HRJE739nI=,CBwMl3PJXyUw0CeTn5HsADvhHROeHQ5Fz7HRJE739nI=
334,E4OloCLnhgkcTD+KEjDYP3aHJ1VqXMCghbmCvhCuPY=,E4OloCLnhgkcTD+KEjDYP3aHJ1VqXMCghbmCvhCuPY=,E4OloCLnhgkcTD+KEjDYP3aHJ1VqXMCghbmCvhCuPY=
335,191+sdCZ2rC5dHXO4acIMIrnAuE3VPNoNLt4VXN1ZMQ=,191+sdCZ2rC5dHXO4acIMIrnAuE3VPNoNLt4VXN1ZMQ=,191+sdCZ2rC5dHXO4acIMIrnAuE3VPNoNLt4VXN1ZMQ=
336,fNSTuhB2Vsl5JTzQWIcRLvQ51rXQtC5p9Ez2A2GiYA=,fNSTuhB2Vsl5JTzQWIcRLvQ51rXQtC5p9Ez2A2GiYA=,fNSTuhB2Vsl5JTzQWIcRLvQ51rXQtC5p9Ez2A2GiYA=
337,zJTrVU95K01nU74poCW9HanHoqyilKuTUBRixsU5gvQ=,zJTrVU95K01nU74poCW9HanHoqyilKuTUBRixsU5gvQ=,zJTrVU95K01nU74poCW9HanHoqyilKuTUBRixsU5gvQ=
338,LfSdKh+NPBLhQY9OuKO0BH9e13yz8K8LsE1hU98OSU=,LfSdKh+NPBLhQY9OuKO0BH9e13yz8K8LsE1hU98OSU=,LfSdKh+NPBLhQY9OuKO0BH9e13yz8K8LsE1hU98OSU=
339,MS8t87wyDQa1P1FGH3HMpM9excfjbHCA72aYxeFbhc=,MS8t87wyDQa1P1FGH3HMpM9excfjbHCA72aYxeFbhc=,MS8t87wyDQa1P1FGH3HMpM9excfjbHCA72aYxeFbhc=
340,2fsD+Yby0bvxhZe2kaWmZv9Wctk+YQedzR6jgxQ6+g=,2fsD+Yby0bvxhZe2kaWmZv9Wctk+YQedzR6jgxQ6+g=,2fsD+Yby0bvxhZe2kaWmZv9Wctk+YQedzR6jgxQ6+g=
341,QvH3zxY8vApX6NDirUBhdHf1RYKrlUHIuZeHIdwufjs=,QvH3zxY8vApX6NDirUBhdHf1RYKrlUHIuZeHIdwufjs=,QvH3zxY8vApX6NDirUBhdHf1RYKrlUHIuZeHIdwufjs=
342,ZDd9SFYoZH5tyEay9g8fz94PQh2BzbREQ5BqzUIpuc=,ZDd9SFYoZH5tyEay9g8fz94PQh2BzbREQ5BqzUIpuc=,ZDd9SFYoZH5tyEay9g8fz94PQh2BzbREQ5BqzUIpuc=
343,Fv8MgbmgQchfDZD2a4gmWFJIwz65A5+bqnM8mXgIzU=,Fv8MgbmgQchfDZD2a4gmWFJIwz65A5+bqnM8mXgIzU=,Fv8MgbmgQchfDZD2a4gmWFJIwz65A5+bqnM8mXgIzU=
344,YhP6nWP2C+4zWv4f5YTwBQLu6ykeuxrdwNaI8KJxu4o=,YhP6nWP2C+4zWv4f5YTwBQLu6ykeuxrdwNaI8KJxu4o=,YhP6nWP2C+4zWv4f5YTwBQLu6ykeuxrdwNaI8KJxu4o=
345,VIeeVAIDR+6HpIjEmFHVzgI49RYWKZHJN9xJbVgTXw4=,VIeeVAIDR+6HpIjEmFHVzgI49RYWKZHJN9xJbVgTXw4=,VIeeVAIDR+6HpIjEmFHVzgI49RYWKZHJN9xJbVgTXw4=
346,qBx6iJzJ9v+Uxm7gpa54QIgvmwlGeWob8j42VVUUe0=,qBx6iJzJ9v+Uxm7gpa54QIgvmwlGeWob8j42VVUUe0=,qBx6iJzJ9v+Uxm7gpa54QIgvmwlGeWob8j42VVUUe0=
347,UErucUJ6aEmhasdvZ5MltoOeBFR6PQ9ld9mXoLmEilM=,UErucUJ6aEmhasdvZ5MltoOeBFR6PQ9ld9mXoLmEilM=,UErucUJ6aEmhasdvZ5MltoOeBFR6PQ9ld9mXoLmEilM=
348,848315888344285184,axmaq Ağır,AgAxmaq96
349,nk1tMWiK0ZSpcxJZcADk1exf1QFyVlfdRGZ25iW59rw=,nk1tMWiK0ZSpcxJZcADk1exf1QFyVlfdRGZ25iW59rw=,nk1tMWiK0ZSpcxJZcADk1exf1QFyVlfdRGZ25iW59rw=
350,Hz0BslgU7j8DkmcL++g9xFSo4rl3vB1qnUnPm9iu6sQ=,Hz0BslgU7j8DkmcL++g9xFSo4rl3vB1qnUnPm9iu6sQ=,Hz0BslgU7j8DkmcL++g9xFSo4rl3vB1qnUnPm9iu6sQ=
351,PR5AKMDngKBtV+YbYq6zmq9GS6S8m266dACWldraxMU=,PR5AKMDngKBtV+YbYq6zmq9GS6S8m266dACWldraxMU=,PR5AKMDngKBtV+YbYq6zmq9GS6S8m266dACWldraxMU=
352,IXst7yBuJSs1yibbhKn5egZAzDdvIejAN1hXTHwy5A=,IXst7yBuJSs1yibbhKn5egZAzDdvIejAN1hXTHwy5A=,IXst7yBuJSs1yibbhKn5egZAzDdvIejAN1hXTHwy5A=
353,l+5xaB0DjZSlsfrmaT91U2DAIM+2tup5IXcAL1KZH0=,l+5xaB0DjZSlsfrmaT91U2DAIM+2tup5IXcAL1KZH0=,l+5xaB0DjZSlsfrmaT91U2DAIM+2tup5IXcAL1KZH0=
354,xMKhuwYXpbLRmsYHY7hTBo307539UxFcd80xusXEj2k=,xMKhuwYXpbLRmsYHY7hTBo307539UxFcd80xusXEj2k=,xMKhuwYXpbLRmsYHY7hTBo307539UxFcd80xusXEj2k=
355,nacN1EBGSLGZcWmEEIFrUcyOg8Igx6MXvhB0hzFuFBw=,nacN1EBGSLGZcWmEEIFrUcyOg8Igx6MXvhB0hzFuFBw=,nacN1EBGSLGZcWmEEIFrUcyOg8Igx6MXvhB0hzFuFBw=
356,37yfWLX4v+gDA3PPwKGkvxnKr5gJS3Al4J+tRj1OXc=,37yfWLX4v+gDA3PPwKGkvxnKr5gJS3Al4J+tRj1OXc=,37yfWLX4v+gDA3PPwKGkvxnKr5gJS3Al4J+tRj1OXc=
357,BPqo1mavOqcxOj2Jn2tvCUxLtDmFkXYukADaiBXVI1Q=,BPqo1mavOqcxOj2Jn2tvCUxLtDmFkXYukADaiBXVI1Q=,BPqo1mavOqcxOj2Jn2tvCUxLtDmFkXYukADaiBXVI1Q=
358,enoMqmB3A7dOePRx8x23VrrblgOGbx86FhUcyS2zc=,enoMqmB3A7dOePRx8x23VrrblgOGbx86FhUcyS2zc=,enoMqmB3A7dOePRx8x23VrrblgOGbx86FhUcyS2zc=
359,9AmUr1DrRFJDO2xxeRUNkqAZUJIbYbf+YPh3ANBAW3g=,9AmUr1DrRFJDO2xxeRUNkqAZUJIbYbf+YPh3ANBAW3g=,9AmUr1DrRFJDO2xxeRUNkqAZUJIbYbf+YPh3ANBAW3g=
360,YB6Pup+Xb4NyrpvLhR036l3sNx8SZsfU2cjt1CvGow=,YB6Pup+Xb4NyrpvLhR036l3sNx8SZsfU2cjt1CvGow=,YB6Pup+Xb4NyrpvLhR036l3sNx8SZsfU2cjt1CvGow=
361,XSBQT3xPnBbalc4QGXpaCzbzaRk9fiK9j20ribAZM68=,XSBQT3xPnBbalc4QGXpaCzbzaRk9fiK9j20ribAZM68=,XSBQT3xPnBbalc4QGXpaCzbzaRk9fiK9j20ribAZM68=
362,z2fE5unxmF7n3AxpEv062AVRBu4JPRZBijyVfPZb040=,z2fE5unxmF7n3AxpEv062AVRBu4JPRZBijyVfPZb040=,z2fE5unxmF7n3AxpEv062AVRBu4JPRZBijyVfPZb040=
363,gdrR7v4ZvJf+PfZC06s810I2J7Xz3m9QY5LZLldnceA=,gdrR7v4ZvJf+PfZC06s810I2J7Xz3m9QY5LZLldnceA=,gdrR7v4ZvJf+PfZC06s810I2J7Xz3m9QY5LZLldnceA=
364,BOy9Or7ed8WD4pwIqR4YPiF7jh+4KR8gnUQtNygnHkM=,BOy9Or7ed8WD4pwIqR4YPiF7jh+4KR8gnUQtNygnHkM=,BOy9Or7ed8WD4pwIqR4YPiF7jh+4KR8gnUQtNygnHkM=
365,917907186323374080,TruthAboutIslam,TruthAboutIsla2
366,3x+jedTf5G87GihmFU4S5KV66ruHlnryVsFS9YI=,3x+jedTf5G87GihmFU4S5KV66ruHlnryVsFS9YI=,3x+jedTf5G87GihmFU4S5KV66ruHlnryVsFS9YI=
367,86vDx463hexilDx97eDLsqvVJFFIcZ4KU54ci020CFc=,86vDx463hexilDx97eDLsqvVJFFIcZ4KU54ci020CFc=,86vDx463hexilDx97eDLsqvVJFFIcZ4KU54ci020CFc=
368,flAG4XhAKDSGyeQ5kdZgxIMnc1vycmzADr8HMGsaYPU=,flAG4XhAKDSGyeQ5kdZgxIMnc1vycmzADr8HMGsaYPU=,flAG4XhAKDSGyeQ5kdZgxIMnc1vycmzADr8HMGsaYPU=
369,2958635330,Annis Judge,AnnisJudge
370,NA0tuIOZrVgTLwARKH4Th5R6+NUReqYukjGJTGU+Xw=,NA0tuIOZrVgTLwARKH4Th5R6+NUReqYukjGJTGU+Xw=,NA0tuIOZrVgTLwARKH4Th5R6+NUReqYukjGJTGU+Xw=
371,UxHMIcBMIHLVpprg7SZpRNYqPcMNVYzU3uEezHQ6MUA=,UxHMIcBMIHLVpprg7SZpRNYqPcMNVYzU3uEezHQ6MUA=,UxHMIcBMIHLVpprg7SZpRNYqPcMNVYzU3uEezHQ6MUA=
372,VM8GR+AeCv1DlkvTRvCAQsxEBeDyNntJmJPt2G8Tf4=,VM8GR+AeCv1DlkvTRvCAQsxEBeDyNntJmJPt2G8Tf4=,VM8GR+AeCv1DlkvTRvCAQsxEBeDyNntJmJPt2G8Tf4=
373,978745386616610816,Black Panther Girl 🌊,QuartneyChante
374,4857456738,Karina Musgrave,JAqgreenx20
375,1T2dG6gabNcsq2Rr43xMADRtuUiZdDOfC5q54OTZXj0=,1T2dG6gabNcsq2Rr43xMADRtuUiZdDOfC5q54OTZXj0=,1T2dG6gabNcsq2Rr43xMADRtuUiZdDOfC5q54OTZXj0=
376,LPS8JbA6eM06eQNqpqCE6rnaVkOxfECZQeDcaz28=,LPS8JbA6eM06eQNqpqCE6rnaVkOxfECZQeDcaz28=,LPS8JbA6eM06eQNqpqCE6rnaVkOxfECZQeDcaz28=
377,k3D+fLn7IaFKqTdIsedBhKbwpbDaQo5Z2fStg2lU74=,k3D+fLn7IaFKqTdIsedBhKbwpbDaQo5Z2fStg2lU74=,k3D+fLn7IaFKqTdIsedBhKbwpbDaQo5Z2fStg2lU74=
378,pATUwBv6DPDCrUBYa4s2B95u5vbDcUhjb+4jk4rCY9M=,pATUwBv6DPDCrUBYa4s2B95u5vbDcUhjb+4jk4rCY9M=,pATUwBv6DPDCrUBYa4s2B95u5vbDcUhjb+4jk4rCY9M=
379,use5gsAERkqogmjDklfsHY5GZuvJGICmFSYRvtCt4=,use5gsAERkqogmjDklfsHY5GZuvJGICmFSYRvtCt4=,use5gsAERkqogmjDklfsHY5GZuvJGICmFSYRvtCt4=
380,RKoMU2fptN+BgQoGTX7gcqEm4x+z0thloQV9TbsKco=,RKoMU2fptN+BgQoGTX7gcqEm4x+z0thloQV9TbsKco=,RKoMU2fptN+BgQoGTX7gcqEm4x+z0thloQV9TbsKco=
381,q31ouo91sQDwMnN5pr4rZVy79wyPjv0XC5KFogmR6Gg=,q31ouo91sQDwMnN5pr4rZVy79wyPjv0XC5KFogmR6Gg=,q31ouo91sQDwMnN5pr4rZVy79wyPjv0XC5KFogmR6Gg=
382,kQp6uMCZntAbn3U+dLvnhAh9ENxg0TvIzJzkeI4R7n4=,kQp6uMCZntAbn3U+dLvnhAh9ENxg0TvIzJzkeI4R7n4=,kQp6uMCZntAbn3U+dLvnhAh9ENxg0TvIzJzkeI4R7n4=
383,qM22PSOR346G41PNTdiv2u5lneMd1Xquy+CTB1iT5mU=,qM22PSOR346G41PNTdiv2u5lneMd1Xquy+CTB1iT5mU=,qM22PSOR346G41PNTdiv2u5lneMd1Xquy+CTB1iT5mU=
384,ITMmRln5fPTQmPi1E43RMvvwn7K5Vmh2DONAGZJQT8=,ITMmRln5fPTQmPi1E43RMvvwn7K5Vmh2DONAGZJQT8=,ITMmRln5fPTQmPi1E43RMvvwn7K5Vmh2DONAGZJQT8=
385,s7tr6qtCpglzYLucDFEIEJZJqcwomyMQP31RVBP2jM=,s7tr6qtCpglzYLucDFEIEJZJqcwomyMQP31RVBP2jM=,s7tr6qtCpglzYLucDFEIEJZJqcwomyMQP31RVBP2jM=
386,XI5wbh8YlukRv1xpbN2OKk80M6rDDS8JThqzu9eOHRk=,XI5wbh8YlukRv1xpbN2OKk80M6rDDS8JThqzu9eOHRk=,XI5wbh8YlukRv1xpbN2OKk80M6rDDS8JThqzu9eOHRk=
387,vyO8mo4r68SKrABoHUhE6iQJqehfRQghJeZF3MfcSc=,vyO8mo4r68SKrABoHUhE6iQJqehfRQghJeZF3MfcSc=,vyO8mo4r68SKrABoHUhE6iQJqehfRQghJeZF3MfcSc=
388,yImZNjiwIhl7LDAZ0n8XVo1ncHOmOObe8XodZIXM9xc=,yImZNjiwIhl7LDAZ0n8XVo1ncHOmOObe8XodZIXM9xc=,yImZNjiwIhl7LDAZ0n8XVo1ncHOmOObe8XodZIXM9xc=
389,6UlLOdjcSBnjaE2XAGzmxc6pKc91wxcoDFgPUU5eOdw=,6UlLOdjcSBnjaE2XAGzmxc6pKc91wxcoDFgPUU5eOdw=,6UlLOdjcSBnjaE2XAGzmxc6pKc91wxcoDFgPUU5eOdw=
390,H1wFKggHIWzcWPzgnk42sssExpv6y8yL0TOQBhO5Fo=,H1wFKggHIWzcWPzgnk42sssExpv6y8yL0TOQBhO5Fo=,H1wFKggHIWzcWPzgnk42sssExpv6y8yL0TOQBhO5Fo=
391,1014394598351749120,Keep America Great,KeepAmericaGr20
392,jSOIv7y47kDzGDiMyHTix+6QBDFZUlBJZ+kWCmcyaGY=,jSOIv7y47kDzGDiMyHTix+6QBDFZUlBJZ+kWCmcyaGY=,jSOIv7y47kDzGDiMyHTix+6QBDFZUlBJZ+kWCmcyaGY=
393,q1K8Qa3bWdRojW988Jc8+66bATsZAVNAvlXZxxCuI=,q1K8Qa3bWdRojW988Jc8+66bATsZAVNAvlXZxxCuI=,q1K8Qa3bWdRojW988Jc8+66bATsZAVNAvlXZxxCuI=
394,ATp5MuCmS6uS+UJejtfvKsFkmUwgzNfObJU19Kfjb6I=,ATp5MuCmS6uS+UJejtfvKsFkmUwgzNfObJU19Kfjb6I=,ATp5MuCmS6uS+UJejtfvKsFkmUwgzNfObJU19Kfjb6I=
395,m2lP6APOSorhHaZcwul7jpHgQJtnEsfXKcMcILpKV0g=,m2lP6APOSorhHaZcwul7jpHgQJtnEsfXKcMcILpKV0g=,m2lP6APOSorhHaZcwul7jpHgQJtnEsfXKcMcILpKV0g=
396,FiJCjP5DZUEUoY3t0rQoudwukyKex3XsbkEa5bD5Ig=,FiJCjP5DZUEUoY3t0rQoudwukyKex3XsbkEa5bD5Ig=,FiJCjP5DZUEUoY3t0rQoudwukyKex3XsbkEa5bD5Ig=
397,0O1tefVgeGmULi6v7eT5sbaZ2SfHyn3wRMUKI36gQ=,0O1tefVgeGmULi6v7eT5sbaZ2SfHyn3wRMUKI36gQ=,0O1tefVgeGmULi6v7eT5sbaZ2SfHyn3wRMUKI36gQ=
398,EjLn9BPgSPWKPhEnebvOIWJ2quALQVMNPVfFgGyzG+8=,EjLn9BPgSPWKPhEnebvOIWJ2quALQVMNPVfFgGyzG+8=,EjLn9BPgSPWKPhEnebvOIWJ2quALQVMNPVfFgGyzG+8=
399,DyoX0rV+Zeg2zp0aExc32zAicx9I1FNk3f5N5oxiFco=,DyoX0rV+Zeg2zp0aExc32zAicx9I1FNk3f5N5oxiFco=,DyoX0rV+Zeg2zp0aExc32zAicx9I1FNk3f5N5oxiFco=
400,x0mT8QQtBYIm0qZXjcApm40xIDoJxUAuokKNqolCLMA=,x0mT8QQtBYIm0qZXjcApm40xIDoJxUAuokKNqolCLMA=,x0mT8QQtBYIm0qZXjcApm40xIDoJxUAuokKNqolCLMA=
401,Y+4e0NnJoxqc8FGgymIquQUp2uq7qXnT3SC3ouFr4=,Y+4e0NnJoxqc8FGgymIquQUp2uq7qXnT3SC3ouFr4=,Y+4e0NnJoxqc8FGgymIquQUp2uq7qXnT3SC3ouFr4=
402,djTq9BTmx1e0XIXIkPUpVup3VI9zwNIf1YPCPRaEkOg=,djTq9BTmx1e0XIXIkPUpVup3VI9zwNIf1YPCPRaEkOg=,djTq9BTmx1e0XIXIkPUpVup3VI9zwNIf1YPCPRaEkOg=
403,S8Jc3Wo0BrW6eptOF8P9tRIdkX3zeEzTaufFMPUuwQ=,S8Jc3Wo0BrW6eptOF8P9tRIdkX3zeEzTaufFMPUuwQ=,S8Jc3Wo0BrW6eptOF8P9tRIdkX3zeEzTaufFMPUuwQ=
404,sgmvTMSkVk8kvIpKN6Sm7hQu3cPB3PyTZq2sWKgyqZI=,sgmvTMSkVk8kvIpKN6Sm7hQu3cPB3PyTZq2sWKgyqZI=,sgmvTMSkVk8kvIpKN6Sm7hQu3cPB3PyTZq2sWKgyqZI=
405,AwyM1w4D7Jj1kQlrTI2VwXdGGIZ9rYFLedMmjZdY60=,AwyM1w4D7Jj1kQlrTI2VwXdGGIZ9rYFLedMmjZdY60=,AwyM1w4D7Jj1kQlrTI2VwXdGGIZ9rYFLedMmjZdY60=
406,845488340686139392,SamTheInfidel👩‍💻,SamInfidel
407,TkfYbhmD9snErUetGKp63yogDKQgoxrCTedcyeEkkUk=,TkfYbhmD9snErUetGKp63yogDKQgoxrCTedcyeEkkUk=,TkfYbhmD9snErUetGKp63yogDKQgoxrCTedcyeEkkUk=
408,heY3pc1dIJq9WsZipEdDBePYgPXXYRM1GveCwdKFra4=,heY3pc1dIJq9WsZipEdDBePYgPXXYRM1GveCwdKFra4=,heY3pc1dIJq9WsZipEdDBePYgPXXYRM1GveCwdKFra4=
409,2958596412,Luz Depriest,DepriestLuz
410,XYxBk0NTY6jmxUQjww108FJgNHxfIu2hfrF7swm0uI=,XYxBk0NTY6jmxUQjww108FJgNHxfIu2hfrF7swm0uI=,XYxBk0NTY6jmxUQjww108FJgNHxfIu2hfrF7swm0uI=
411,YnOiLK40ltZHpAkiBtuAntRtstOBkrd4mz86AMCQp2c=,YnOiLK40ltZHpAkiBtuAntRtstOBkrd4mz86AMCQp2c=,YnOiLK40ltZHpAkiBtuAntRtstOBkrd4mz86AMCQp2c=
412,J80Frrbh7gSw3NrbFBgQMLUt284NpoDuu3Nt2DuTI78=,J80Frrbh7gSw3NrbFBgQMLUt284NpoDuu3Nt2DuTI78=,J80Frrbh7gSw3NrbFBgQMLUt284NpoDuu3Nt2DuTI78=
413,JLnCOmMISTchfTXm8Zw877boLDYIPvkXQzp9wusHa+Q=,JLnCOmMISTchfTXm8Zw877boLDYIPvkXQzp9wusHa+Q=,JLnCOmMISTchfTXm8Zw877boLDYIPvkXQzp9wusHa+Q=
414,jg9f0MxCMhXmSK7k6edbN6p8yLkxh5xaFzr6X9VYnws=,jg9f0MxCMhXmSK7k6edbN6p8yLkxh5xaFzr6X9VYnws=,jg9f0MxCMhXmSK7k6edbN6p8yLkxh5xaFzr6X9VYnws=
415,2958595902,Leon Bowden,BowdenLeon
